"","V1","V2","V3"
"result.1",0.29221385517491,-0.052,0.095
"result.2",0.896283276285607,0.12,0.095
"result.3",0.701639578611342,0.05,0.095
"result.4",0.976136600319922,0.188,0.095
"result.5",0.955494887014627,0.161,0.095
"result.6",0.87898425634033,0.111,0.095
"result.7",0.981972879621087,0.199,0.095
"result.8",0.495816491417132,-0.001,0.095
"result.9",0.999689823457079,0.325,0.095
"result.10",0.998942211329209,0.293,0.095
"result.11",0.585746311571052,0.02,0.095
"result.12",0.415261355167499,-0.021,0.095
"result.13",0.557230262869041,0.013,0.095
"result.14",0.280913725758679,-0.055,0.095
"result.15",0.534421710004031,0.008,0.095
"result.16",0.875031648890723,0.109,0.095
"result.17",0.921401458599571,0.134,0.095
"result.18",0.984091032132359,0.204,0.095
"result.19",0.947952088803972,0.154,0.095
"result.20",0.868569760187041,0.106,0.095
"result.21",0.96257695729234,0.17,0.095
"result.22",0.778996754297274,0.073,0.095
"result.23",0.61599732320561,0.028,0.095
"result.24",0.974669342399119,0.186,0.095
"result.25",0.581376604896332,0.019,0.095
"result.26",0.220066972782513,-0.074,0.095
"result.27",0.860017777038082,0.102,0.095
"result.28",0.903374456663807,0.124,0.095
"result.29",0.075700297840892,-0.137,0.095
"result.30",0.752625623847684,0.065,0.095
"result.31",0.993196868054543,0.234,0.095
"result.32",0.386679327844199,-0.028,0.095
"result.33",0.25696657064364,-0.062,0.095
"result.34",0.814712907813694,0.085,0.095
"result.35",0.114928697652146,-0.115,0.095
"result.36",0.858986084566079,0.102,0.095
"result.37",0.808516862148238,0.083,0.095
"result.38",0.975601152745264,0.187,0.095
"result.39",0.065051953826218,-0.144,0.095
"result.40",0.922719289950569,0.135,0.095
"result.41",0.938555160146727,0.147,0.095
"result.42",0.692701134182322,0.048,0.095
"result.43",0.607030592323766,0.026,0.095
"result.44",0.951809758782402,0.158,0.095
"result.45",0.728907569528,0.058,0.095
"result.46",0.987859942330523,0.214,0.095
"result.47",0.843555704709274,0.096,0.095
"result.48",0.750129118512472,0.064,0.095
"result.49",0.848463064207478,0.098,0.095
"result.50",0.384468143739797,-0.028,0.095
"result.51",0.62355684330568,0.03,0.095
"result.52",0.919203234361601,0.133,0.095
"result.53",0.758657307887709,0.067,0.095
"result.54",0.775371007373651,0.072,0.095
"result.55",0.338935073798322,-0.04,0.095
"result.56",0.940931498601103,0.148,0.095
"result.57",0.23693691862913,-0.068,0.095
"result.58",0.255072263657706,-0.063,0.095
"result.59",0.164835807971764,-0.093,0.095
"result.60",0.631915780595216,0.032,0.095
"result.61",0.634433191406692,0.033,0.095
"result.62",0.999398820841918,0.307,0.095
"result.63",0.961239301024819,0.168,0.095
"result.64",0.701200185548297,0.05,0.095
"result.65",0.991044407259282,0.225,0.095
"result.66",0.45387762412947,-0.011,0.095
"result.67",0.996474897145296,0.256,0.095
"result.68",0.478149904220882,-0.005,0.095
"result.69",0.487036956765464,-0.003,0.095
"result.70",0.833461055215095,0.092,0.095
"result.71",0.745848854397387,0.063,0.095
"result.72",0.816979527281702,0.086,0.095
"result.73",0.990900050670581,0.224,0.095
"result.74",0.626312389281305,0.031,0.095
"result.75",0.129556966770776,-0.108,0.095
"result.76",0.924064524635664,0.136,0.095
"result.77",0.868360339754046,0.106,0.095
"result.78",0.972199967489984,0.182,0.095
"result.79",0.476211364254339,-0.006,0.095
"result.80",0.465160891453477,-0.009,0.095
"result.81",0.876120745731028,0.11,0.095
"result.82",0.753818246025022,0.065,0.095
"result.83",0.978992651507707,0.193,0.095
"result.84",0.7561242973307,0.066,0.095
"result.85",0.93565907522147,0.144,0.095
"result.86",0.100668976574538,-0.122,0.095
"result.87",0.402716806076821,-0.024,0.095
"result.88",0.566741556479298,0.016,0.095
"result.89",0.900318169475761,0.122,0.095
"result.90",0.360317264274461,-0.034,0.095
"result.91",0.69746733891511,0.049,0.095
"result.92",0.696166926706195,0.049,0.095
"result.93",0.170231512818357,-0.091,0.095
"result.94",0.606173864618098,0.025,0.095
"result.95",0.606876430165209,0.026,0.095
"result.96",0.5983077955905,0.023,0.095
"result.97",0.830768174765647,0.091,0.095
"result.98",0.82210509936256,0.087,0.095
"result.99",0.795027752784989,0.078,0.095
"result.100",0.880820867148798,0.112,0.095
"result.101",0.830909197257413,0.091,0.095
"result.102",0.960755977584995,0.167,0.095
"result.103",0.278783227824731,-0.056,0.095
"result.104",0.889732151999792,0.116,0.095
"result.105",0.165584240128509,-0.093,0.095
"result.106",0.91343362554207,0.129,0.095
"result.107",0.842599616840879,0.095,0.095
"result.108",0.869212007895907,0.106,0.095
"result.109",0.741611431002412,0.061,0.095
"result.110",0.856789639086861,0.101,0.095
"result.111",0.918277876891261,0.132,0.095
"result.112",0.798762695669736,0.079,0.095
"result.113",0.585437137937645,0.02,0.095
"result.114",0.296575945650128,-0.051,0.095
"result.115",0.873109225676227,0.108,0.095
"result.116",0.738798693158431,0.061,0.095
"result.117",0.774738030950485,0.072,0.095
"result.118",0.663659905408823,0.04,0.095
"result.119",0.650405510052062,0.037,0.095
"result.120",0.713209932348596,0.053,0.095
"result.121",0.766050987624246,0.069,0.095
"result.122",0.395793709486984,-0.025,0.095
"result.123",0.442995876633141,-0.014,0.095
"result.124",0.981262278842941,0.198,0.095
"result.125",0.75735300409408,0.066,0.095
"result.126",0.993576377966922,0.237,0.095
"result.127",0.994153727354619,0.239,0.095
"result.128",0.981302378501391,0.198,0.095
"result.129",0.840757361224416,0.095,0.095
"result.130",0.140435994068192,-0.103,0.095
"result.131",0.91196448340844,0.128,0.095
"result.132",0.711024815557886,0.053,0.095
"result.133",0.975028493445611,0.186,0.095
"result.134",0.783436529678646,0.074,0.095
"result.135",0.529085530137385,0.007,0.095
"result.136",0.829009449198814,0.09,0.095
"result.137",0.456029824886191,-0.011,0.095
"result.138",0.273446494379397,-0.057,0.095
"result.139",0.367496865035747,-0.032,0.095
"result.140",0.438694703412152,-0.015,0.095
"result.141",0.310985603733023,-0.047,0.095
"result.142",0.876000828962412,0.109,0.095
"result.143",0.84996444334126,0.098,0.095
"result.144",0.908581068948268,0.126,0.095
"result.145",0.960967537884931,0.168,0.095
"result.146",0.8800569543561,0.112,0.095
"result.147",0.619771956422759,0.029,0.095
"result.148",0.975982673527096,0.188,0.095
"result.149",0.987997642750837,0.214,0.095
"result.150",0.894604823693751,0.119,0.095
"result.151",0.785570538172952,0.075,0.095
"result.152",0.346597838883945,-0.038,0.095
"result.153",0.677103538365114,0.043,0.095
"result.154",0.924862379438488,0.137,0.095
"result.155",0.167616930049777,-0.092,0.095
"result.156",0.882051038885581,0.113,0.095
"result.157",0.867882366568103,0.106,0.095
"result.158",0.803628285932859,0.081,0.095
"result.159",0.973538502349135,0.184,0.095
"result.160",0.51034727688948,0.002,0.095
"result.161",0.821880795771472,0.088,0.095
"result.162",0.913815274361012,0.129,0.095
"result.163",0.963933451615756,0.171,0.095
"result.164",0.996700027436696,0.258,0.095
"result.165",0.726554259439313,0.057,0.095
"result.166",0.901114216958893,0.122,0.095
"result.167",0.986976905634292,0.211,0.095
"result.168",0.756009399641405,0.066,0.095
"result.169",0.208552429133615,-0.077,0.095
"result.170",0.980940631313617,0.197,0.095
"result.171",0.811043835340446,0.084,0.095
"result.172",0.968552915814946,0.177,0.095
"result.173",0.425316819544676,-0.018,0.095
"result.174",0.922113138961953,0.135,0.095
"result.175",0.270535282738245,-0.058,0.095
"result.176",0.903688512255605,0.124,0.095
"result.177",0.981593881735448,0.198,0.095
"result.178",0.0280467666906417,-0.182,0.095
"result.179",0.571749391368012,0.017,0.095
"result.180",0.96126472133135,0.168,0.095
"result.181",0.790700804405446,0.077,0.095
"result.182",0.849554426163846,0.098,0.095
"result.183",0.920136898221559,0.133,0.095
"result.184",0.68667937087873,0.046,0.095
"result.185",0.664835161313635,0.04,0.095
"result.186",0.968909696923981,0.177,0.095
"result.187",0.359104829724135,-0.035,0.095
"result.188",0.960402364840598,0.167,0.095
"result.189",0.914689186827347,0.13,0.095
"result.190",0.20289966108531,-0.079,0.095
"result.191",0.999249298448251,0.302,0.095
"result.192",0.988045091426922,0.215,0.095
"result.193",0.945432417007013,0.152,0.095
"result.194",0.485097497473897,-0.004,0.095
"result.195",0.483718649204261,-0.004,0.095
"result.196",0.996914780892943,0.261,0.095
"result.197",0.897631600825377,0.12,0.095
"result.198",0.982971916704269,0.201,0.095
"result.199",0.949854198465395,0.156,0.095
"result.200",0.791386341599206,0.077,0.095
"result.201",0.88715021850953,0.115,0.095
"result.202",0.359121461452957,-0.034,0.095
"result.203",0.70964189567452,0.052,0.095
"result.204",0.977877708186412,0.191,0.095
"result.205",0.401033079508327,-0.024,0.095
"result.206",0.822779417712768,0.088,0.095
"result.207",0.668711766448328,0.041,0.095
"result.208",0.353058460746232,-0.036,0.095
"result.209",0.862848515401073,0.104,0.095
"result.210",0.78647434229645,0.075,0.095
"result.211",0.946794385673716,0.153,0.095
"result.212",0.948446944166,0.155,0.095
"result.213",0.380444720254109,-0.029,0.095
"result.214",0.548257137234129,0.011,0.095
"result.215",0.68719650629441,0.046,0.095
"result.216",0.343465135930505,-0.039,0.095
"result.217",0.967387010666855,0.176,0.095
"result.218",0.660830516874001,0.039,0.095
"result.219",0.902715596421427,0.123,0.095
"result.220",0.821986490150257,0.088,0.095
"result.221",0.639052721112529,0.034,0.095
"result.222",0.760338897306524,0.067,0.095
"result.223",0.779417289079678,0.073,0.095
"result.224",0.395793643922221,-0.025,0.095
"result.225",0.987535927525611,0.213,0.095
"result.226",0.54868618363631,0.011,0.095
"result.227",0.993603514750689,0.236,0.095
"result.228",0.733156762478729,0.059,0.095
"result.229",0.804922439985697,0.082,0.095
"result.230",0.998152759219939,0.276,0.095
"result.231",0.877542594743271,0.11,0.095
"result.232",0.343749688880302,-0.038,0.095
"result.233",0.351356507289775,-0.037,0.095
"result.234",0.961858501353979,0.168,0.095
"result.235",0.793866441035953,0.078,0.095
"result.236",0.759589751390958,0.067,0.095
"result.237",0.770840793921419,0.07,0.095
"result.238",0.779548607845266,0.073,0.095
"result.239",0.980956874092944,0.197,0.095
"result.240",0.395394443062824,-0.025,0.095
"result.241",0.866786755396035,0.106,0.095
"result.242",0.636217676147815,0.033,0.095
"result.243",0.403734053523279,-0.023,0.095
"result.244",0.453155549490498,-0.011,0.095
"result.245",0.963528502331599,0.171,0.095
"result.246",0.952272454430095,0.159,0.095
"result.247",0.995480095701149,0.248,0.095
"result.248",0.648099140661995,0.036,0.095
"result.249",0.990679274201298,0.224,0.095
"result.250",0.327152589497688,-0.043,0.095
"result.251",0.878352487703355,0.111,0.095
"result.252",0.547556924313257,0.011,0.095
"result.253",0.420842165797967,-0.019,0.095
"result.254",0.811281449759425,0.084,0.095
"result.255",0.753438329694334,0.065,0.095
"result.256",0.937984121867897,0.146,0.095
"result.257",0.722913874669785,0.056,0.095
"result.258",0.372885553926176,-0.031,0.095
"result.259",0.0449907901057788,-0.161,0.095
"result.260",0.974691114973667,0.186,0.095
"result.261",0.540675534611291,0.01,0.095
"result.262",0.72377785570031,0.056,0.095
"result.263",0.744664079855193,0.062,0.095
"result.264",0.453370532423682,-0.011,0.095
"result.265",0.999814805614647,0.338,0.095
"result.266",0.513177444721655,0.003,0.095
"result.267",0.700580282307609,0.05,0.095
"result.268",0.977389158750062,0.19,0.095
"result.269",0.710811255100707,0.053,0.095
"result.270",0.345963448613161,-0.038,0.095
"result.271",0.833905308304681,0.092,0.095
"result.272",0.827251582275892,0.09,0.095
"result.273",0.960358401105642,0.167,0.095
"result.274",0.985494277655919,0.207,0.095
"result.275",0.875806945763589,0.11,0.095
"result.276",0.65779847728578,0.038,0.095
"result.277",0.640502262159071,0.034,0.095
"result.278",0.776123050196316,0.072,0.095
"result.279",0.550413696028344,0.012,0.095
"result.280",0.948117129468685,0.154,0.095
"result.281",0.247893400772168,-0.065,0.095
"result.282",0.957422843594448,0.164,0.095
"result.283",0.935754929879569,0.145,0.095
"result.284",0.232792783361347,-0.07,0.095
"result.285",0.607697936301002,0.026,0.095
"result.286",0.903215158218117,0.123,0.095
"result.287",0.92942939276206,0.14,0.095
"result.288",0.484252391802427,-0.004,0.095
"result.289",0.357561227723082,-0.035,0.095
"result.290",0.182648461221089,-0.086,0.095
"result.291",0.92964887379458,0.14,0.095
"result.292",0.357949119140779,-0.035,0.095
"result.293",0.999095576693969,0.297,0.095
"result.294",0.497660115464722,-0.001,0.095
"result.295",0.903318971715798,0.123,0.095
"result.296",0.936819582849698,0.145,0.095
"result.297",0.544800328569227,0.011,0.095
"result.298",0.646738440621494,0.036,0.095
"result.299",0.390149526564314,-0.027,0.095
"result.300",0.694261726293392,0.048,0.095
"result.301",0.954122388683229,0.16,0.095
"result.302",0.679576448122322,0.044,0.095
"result.303",0.450491686025058,-0.012,0.095
"result.304",0.265173163987895,-0.06,0.095
"result.305",0.660257115422437,0.039,0.095
"result.306",0.878022362475758,0.111,0.095
"result.307",0.995527622607064,0.248,0.095
"result.308",0.768503558018242,0.07,0.095
"result.309",0.750614721907362,0.064,0.095
"result.310",0.244544667725546,-0.066,0.095
"result.311",0.271492678555236,-0.058,0.095
"result.312",0.924127077074058,0.136,0.095
"result.313",0.489481293100026,-0.003,0.095
"result.314",0.898938817522257,0.121,0.095
"result.315",0.957257505138083,0.163,0.095
"result.316",0.996259276751562,0.254,0.095
"result.317",0.321288534726266,-0.044,0.095
"result.318",0.103481513047546,-0.12,0.095
"result.319",0.36964773768911,-0.032,0.095
"result.320",0.739829253672992,0.061,0.095
"result.321",0.0451270064923608,-0.161,0.095
"result.322",0.537134331048526,0.009,0.095
"result.323",0.476496501084156,-0.006,0.095
"result.324",0.0895833644931689,-0.128,0.095
"result.325",0.660369934370424,0.039,0.095
"result.326",0.929419371097607,0.14,0.095
"result.327",0.876479071380389,0.11,0.095
"result.328",0.444589014096837,-0.013,0.095
"result.329",0.812000363792253,0.084,0.095
"result.330",0.827094277795983,0.089,0.095
"result.331",0.692919197353044,0.048,0.095
"result.332",0.76449548620157,0.068,0.095
"result.333",0.613854694486689,0.027,0.095
"result.334",0.454266616634886,-0.011,0.095
"result.335",0.997350674351927,0.265,0.095
"result.336",0.146930460226661,-0.1,0.095
"result.337",0.868769586690947,0.106,0.095
"result.338",0.94909385719281,0.155,0.095
"result.339",0.817317473935099,0.086,0.095
"result.340",0.405432738942678,-0.023,0.095
"result.341",0.633823819684893,0.032,0.095
"result.342",0.976496815766322,0.189,0.095
"result.343",0.951856649882386,0.158,0.095
"result.344",0.769798232052134,0.07,0.095
"result.345",0.952893097802601,0.159,0.095
"result.346",0.804213348342693,0.081,0.095
"result.347",0.550025830584527,0.012,0.095
"result.348",0.357224524378977,-0.035,0.095
"result.349",0.867880898953028,0.106,0.095
"result.350",0.290507108237308,-0.053,0.095
"result.351",0.959882019204575,0.166,0.095
"result.352",0.88672051890589,0.115,0.095
"result.353",0.490841736566341,-0.002,0.095
"result.354",0.229514816263104,-0.071,0.095
"result.355",0.266544865122341,-0.059,0.095
"result.356",0.72470655362449,0.057,0.095
"result.357",0.90666502157299,0.125,0.095
"result.358",0.902741316345125,0.123,0.095
"result.359",0.784489213751611,0.075,0.095
"result.360",0.335601569258311,-0.04,0.095
"result.361",0.247252873069999,-0.065,0.095
"result.362",0.320729945576931,-0.044,0.095
"result.363",0.630287432350659,0.031,0.095
"result.364",0.737199709390729,0.06,0.095
"result.365",0.451410073351959,-0.012,0.095
"result.366",0.620348027814884,0.029,0.095
"result.367",0.574074788965036,0.018,0.095
"result.368",0.919858355655725,0.133,0.095
"result.369",0.347222590162998,-0.038,0.095
"result.370",0.778066275592462,0.073,0.095
"result.371",0.0921294440258541,-0.126,0.095
"result.372",0.833869816289707,0.092,0.095
"result.373",0.425422129265717,-0.018,0.095
"result.374",0.545050981834276,0.011,0.095
"result.375",0.706040403058592,0.051,0.095
"result.376",0.7206848839591,0.055,0.095
"result.377",0.655382818746038,0.038,0.095
"result.378",0.926194931517106,0.138,0.095
"result.379",0.598568902304609,0.024,0.095
"result.380",0.614129699631323,0.027,0.095
"result.381",0.983750917827357,0.203,0.095
"result.382",0.646006741637234,0.036,0.095
"result.383",0.873943788947052,0.109,0.095
"result.384",0.993214772733904,0.234,0.095
"result.385",0.857884430588917,0.102,0.095
"result.386",0.377500381305429,-0.03,0.095
"result.387",0.908698830049045,0.126,0.095
"result.388",0.958238884599123,0.164,0.095
"result.389",0.505771200464891,0.001,0.095
"result.390",0.696623238618116,0.049,0.095
"result.391",0.921679095622252,0.134,0.095
"result.392",0.371138268091803,-0.032,0.095
"result.393",0.971927881457898,0.181,0.095
"result.394",0.86806410910496,0.106,0.095
"result.395",0.822288116011752,0.088,0.095
"result.396",0.744100535324934,0.062,0.095
"result.397",0.986257632328224,0.21,0.095
"result.398",0.0924974132077985,-0.126,0.095
"result.399",0.99870786841615,0.287,0.095
"result.400",0.512521214697937,0.003,0.095
"result.401",0.161959137542846,-0.094,0.095
"result.402",0.422482779336033,-0.019,0.095
"result.403",0.271795923254917,-0.058,0.095
"result.404",0.747988986547773,0.063,0.095
"result.405",0.910585747551181,0.128,0.095
"result.406",0.99825498949992,0.277,0.095
"result.407",0.574432558630607,0.018,0.095
"result.408",0.797556902803255,0.079,0.095
"result.409",0.42827589316244,-0.017,0.095
"result.410",0.481662428867989,-0.005,0.095
"result.411",0.57667632326959,0.018,0.095
"result.412",0.676483338440503,0.043,0.095
"result.413",0.623847721847405,0.03,0.095
"result.414",0.475020093994824,-0.006,0.095
"result.415",0.153180996987023,-0.097,0.095
"result.416",0.990055839018521,0.221,0.095
"result.417",0.262673896125276,-0.061,0.095
"result.418",0.919502255718378,0.133,0.095
"result.419",0.975478089501916,0.187,0.095
"result.420",0.677713361187624,0.044,0.095
"result.421",0.956282270995704,0.162,0.095
"result.422",0.722318414381524,0.056,0.095
"result.423",0.620625042800178,0.029,0.095
"result.424",0.95752974508449,0.163,0.095
"result.425",0.199923434743858,-0.08,0.095
"result.426",0.849294157217757,0.098,0.095
"result.427",0.981628280424311,0.199,0.095
"result.428",0.948396031475925,0.155,0.095
"result.429",0.662563106234583,0.04,0.095
"result.430",0.913544621835919,0.129,0.095
"result.431",0.797621012754644,0.079,0.095
"result.432",0.644298506474236,0.035,0.095
"result.433",0.753930402017094,0.065,0.095
"result.434",0.809621078854686,0.083,0.095
"result.435",0.823425628544436,0.088,0.095
"result.436",0.363890520695689,-0.033,0.095
"result.437",0.56765843337977,0.016,0.095
"result.438",0.463265841628148,-0.009,0.095
"result.439",0.816292063597354,0.085,0.095
"result.440",0.239474630862428,-0.068,0.095
"result.441",0.685418638573628,0.046,0.095
"result.442",0.486366066267943,-0.003,0.095
"result.443",0.912858622887766,0.129,0.095
"result.444",0.993351079257129,0.236,0.096
"result.445",0.759936263853106,0.067,0.095
"result.446",0.342454552842044,-0.039,0.095
"result.447",0.620152616412705,0.029,0.095
"result.448",0.754860653230296,0.065,0.095
"result.449",0.95843577538543,0.165,0.095
"result.450",0.651878343938451,0.037,0.095
"result.451",0.103455560046991,-0.12,0.095
"result.452",0.667755742802194,0.041,0.095
"result.453",0.962271786129722,0.169,0.095
"result.454",0.966829236920253,0.175,0.095
"result.455",0.969000356972349,0.177,0.095
"result.456",0.568302024204546,0.016,0.095
"result.457",0.694350539909443,0.048,0.095
"result.458",0.523479897555146,0.005,0.095
"result.459",0.627619219043534,0.031,0.095
"result.460",0.542399077157809,0.01,0.095
"result.461",0.3224462233145,-0.044,0.095
"result.462",0.133501662695532,-0.106,0.095
"result.463",0.890336375060553,0.117,0.095
"result.464",0.916794699788599,0.132,0.095
"result.465",0.987884607173056,0.214,0.095
"result.466",0.692617233333511,0.048,0.095
"result.467",0.631267034133527,0.032,0.095
"result.468",0.722730067669442,0.056,0.095
"result.469",0.964852286208146,0.172,0.095
"result.470",0.969781055764873,0.178,0.095
"result.471",0.943836556152476,0.151,0.095
"result.472",0.522582514254521,0.005,0.095
"result.473",0.954683759404021,0.161,0.095
"result.474",0.522980329320035,0.005,0.095
"result.475",0.966533021897279,0.174,0.095
"result.476",0.806932413717815,0.082,0.095
"result.477",0.982619831624053,0.201,0.095
"result.478",0.867706194703454,0.106,0.095
"result.479",0.957350683081473,0.164,0.095
"result.480",0.945835013624496,0.153,0.095
"result.481",0.283495301088023,-0.055,0.095
"result.482",0.72682906844728,0.057,0.095
"result.483",0.877257394814703,0.11,0.095
"result.484",0.719212459363399,0.055,0.095
"result.485",0.588551902302245,0.021,0.095
"result.486",0.833601711570421,0.092,0.095
"result.487",0.555773164441694,0.013,0.095
"result.488",0.996292461408489,0.254,0.095
"result.489",0.97516467846359,0.186,0.095
"result.490",0.550098586045411,0.012,0.095
"result.491",0.856200252283983,0.101,0.095
"result.492",0.646117338262973,0.035,0.095
"result.493",0.989718253404552,0.22,0.095
"result.494",0.435373348623072,-0.016,0.095
"result.495",0.493302924761529,-0.002,0.095
"result.496",0.426434361237169,-0.018,0.095
"result.497",0.646943736576938,0.036,0.095
"result.498",0.833905776971728,0.092,0.095
"result.499",0.96404057778311,0.171,0.095
"result.500",0.164987838460182,-0.093,0.095
"result.501",0.403852648854444,-0.023,0.095
"result.502",0.782826823353382,0.074,0.095
"result.503",0.401576941773502,-0.024,0.095
"result.504",0.982891970826382,0.201,0.095
"result.505",0.923709742868515,0.136,0.095
"result.506",0.872498421340272,0.108,0.095
"result.507",0.133642081146605,-0.106,0.095
"result.508",0.813464828507626,0.084,0.095
"result.509",0.602656383538483,0.025,0.095
"result.510",0.982604150931316,0.201,0.095
"result.511",0.127103673585265,-0.109,0.095
"result.512",0.98551873218844,0.207,0.095
"result.513",0.4713198395573,-0.007,0.095
"result.514",0.980541129508616,0.196,0.095
"result.515",0.667356583570988,0.041,0.095
"result.516",0.963479773836504,0.17,0.095
"result.517",0.982580409708997,0.201,0.095
"result.518",0.429980732661382,-0.017,0.095
"result.519",0.79159397929262,0.077,0.095
"result.520",0.988426595922274,0.216,0.095
"result.521",0.986700463602711,0.211,0.095
"result.522",0.981018935361794,0.197,0.095
"result.523",0.981504268917392,0.198,0.095
"result.524",0.82437247765184,0.088,0.095
"result.525",0.794216464241533,0.078,0.095
"result.526",0.416590905278851,-0.02,0.095
"result.527",0.878669090586327,0.111,0.095
"result.528",0.989313557233902,0.219,0.095
"result.529",0.67515958393945,0.043,0.095
"result.530",0.940653840031599,0.148,0.095
"result.531",0.628723766440726,0.031,0.095
"result.532",0.935541577668702,0.144,0.095
"result.533",0.883208927534129,0.113,0.095
"result.534",0.590129667653951,0.021,0.095
"result.535",0.858201498548335,0.102,0.095
"result.536",0.456027359714457,-0.011,0.095
"result.537",0.662552960043244,0.04,0.095
"result.538",0.81338890440217,0.085,0.095
"result.539",0.677866038555211,0.044,0.095
"result.540",0.827580956633763,0.09,0.095
"result.541",0.79337930734917,0.078,0.095
"result.542",0.604681525498219,0.025,0.095
"result.543",0.943401682258419,0.15,0.095
"result.544",0.905465603704109,0.125,0.095
"result.545",0.895998100953748,0.119,0.095
"result.546",0.663007519383787,0.04,0.095
"result.547",0.331697899742161,-0.042,0.095
"result.548",0.790275376386118,0.077,0.095
"result.549",0.190457607365831,-0.084,0.095
"result.550",0.879450415266129,0.111,0.095
"result.551",0.794618278874814,0.078,0.095
"result.552",0.920213555816996,0.133,0.095
"result.553",0.860429495809638,0.103,0.095
"result.554",0.263279007842505,-0.06,0.095
"result.555",0.403629352215783,-0.023,0.095
"result.556",0.632206105841602,0.032,0.095
"result.557",0.808666436254761,0.083,0.095
"result.558",0.848252616605059,0.097,0.095
"result.559",0.710745005044112,0.053,0.095
"result.560",0.825083479885017,0.089,0.095
"result.561",0.933546059576476,0.143,0.095
"result.562",0.01963188404369,-0.196,0.095
"result.563",0.561771508420692,0.015,0.095
"result.564",0.709184882667006,0.052,0.095
"result.565",0.131211283635263,-0.107,0.095
"result.566",0.632775050841542,0.032,0.095
"result.567",0.830458419393474,0.091,0.095
"result.568",0.865946408414245,0.105,0.095
"result.569",0.908891410021398,0.126,0.095
"result.570",0.757441890691631,0.066,0.095
"result.571",0.951818158619846,0.158,0.095
"result.572",0.900294140760325,0.122,0.095
"result.573",0.846669558961667,0.097,0.095
"result.574",0.645755946259945,0.035,0.095
"result.575",0.939247271189977,0.148,0.096
"result.576",0.129982323807048,-0.107,0.095
"result.577",0.944955027931877,0.152,0.095
"result.578",0.278097092051721,-0.056,0.095
"result.579",0.388638606712036,-0.027,0.095
"result.580",0.885829031164681,0.115,0.095
"result.581",0.634012296123089,0.032,0.095
"result.582",0.998117344429633,0.276,0.095
"result.583",0.947674449584849,0.154,0.095
"result.584",0.699142404778131,0.049,0.095
"result.585",0.823952963774687,0.088,0.095
"result.586",0.610916836245012,0.027,0.095
"result.587",0.710233091708379,0.053,0.095
"result.588",0.347486042164643,-0.037,0.095
"result.589",0.77063754256969,0.07,0.095
"result.590",0.213661595104374,-0.076,0.095
"result.591",0.733858914519154,0.059,0.095
"result.592",0.923655992731652,0.136,0.095
"result.593",0.799886469940817,0.08,0.095
"result.594",0.856233921929817,0.101,0.095
"result.595",0.822631986601123,0.088,0.095
"result.596",0.574872196658225,0.018,0.095
"result.597",0.229722024813146,-0.071,0.095
"result.598",0.727629162537925,0.057,0.095
"result.599",0.961264632751657,0.168,0.095
"result.600",0.817561644469249,0.086,0.095
"result.601",0.556455466048296,0.013,0.095
"result.602",0.935126390490309,0.144,0.095
"result.603",0.537159454644507,0.009,0.095
"result.604",0.940870860949094,0.148,0.095
"result.605",0.82118592072566,0.087,0.095
"result.606",0.982072101858471,0.199,0.095
"result.607",0.930149458837401,0.14,0.095
"result.608",0.889712225677351,0.116,0.095
"result.609",0.588542599617027,0.021,0.095
"result.610",0.847869038871127,0.098,0.095
"result.611",0.678262457747574,0.044,0.095
"result.612",0.79618690749206,0.079,0.095
"result.613",0.953801203509383,0.16,0.095
"result.614",0.994271866338601,0.24,0.095
"result.615",0.925962423940329,0.137,0.095
"result.616",0.261215690044368,-0.061,0.095
"result.617",0.950838760590561,0.157,0.095
"result.618",0.977222518192748,0.19,0.095
"result.619",0.233941483916656,-0.069,0.095
"result.620",0.89307148648243,0.118,0.095
"result.621",0.226051862425591,-0.072,0.095
"result.622",0.14331257858945,-0.102,0.095
"result.623",0.380565598745266,-0.029,0.095
"result.624",0.843461105736055,0.096,0.095
"result.625",0.752114046656584,0.064,0.095
"result.626",0.588392756226905,0.021,0.095
"result.627",0.979953397524602,0.195,0.095
"result.628",0.0830931017594311,-0.132,0.095
"result.629",0.580214929146801,0.019,0.095
"result.630",0.872918156951739,0.108,0.095
"result.631",0.350673967610489,-0.037,0.095
"result.632",0.497769691733555,-0.001,0.095
"result.633",0.0859582564097598,-0.13,0.095
"result.634",0.958334814279917,0.164,0.095
"result.635",0.799052345540625,0.08,0.095
"result.636",0.8102972992616,0.084,0.095
"result.637",0.0828468643910437,-0.132,0.095
"result.638",0.956252741963703,0.162,0.095
"result.639",0.240724018818294,-0.067,0.095
"result.640",0.9907654279312,0.224,0.095
"result.641",0.535542434387724,0.008,0.095
"result.642",0.759720258221799,0.067,0.095
"result.643",0.838413997926403,0.094,0.095
"result.644",0.82900679041849,0.09,0.095
"result.645",0.877904166405986,0.11,0.095
"result.646",0.567604418105165,0.016,0.095
"result.647",0.955373359928648,0.161,0.095
"result.648",0.975202791145879,0.186,0.095
"result.649",0.0670542015887337,-0.143,0.095
"result.650",0.479349048504688,-0.005,0.095
"result.651",0.339744515890106,-0.039,0.095
"result.652",0.160704135905712,-0.094,0.095
"result.653",0.867342513350798,0.106,0.095
"result.654",0.960143194342642,0.167,0.095
"result.655",0.936999408346057,0.145,0.095
"result.656",0.893625709438975,0.118,0.095
"result.657",0.510990115037078,0.002,0.095
"result.658",0.788620592750241,0.076,0.095
"result.659",0.991855258545823,0.228,0.095
"result.660",0.758256730787167,0.066,0.095
"result.661",0.877182773945317,0.11,0.095
"result.662",0.88506357459667,0.114,0.095
"result.663",0.838231737137562,0.094,0.095
"result.664",0.827315866543614,0.09,0.095
"result.665",0.982003404452622,0.2,0.095
"result.666",0.861991415351896,0.103,0.095
"result.667",0.224405255792627,-0.072,0.095
"result.668",0.394464785518567,-0.026,0.095
"result.669",0.974442881989941,0.185,0.095
"result.670",0.177741709130783,-0.088,0.095
"result.671",0.593130903910054,0.022,0.095
"result.672",0.893975038864178,0.119,0.095
"result.673",0.85681454546439,0.101,0.095
"result.674",0.779200445096557,0.073,0.095
"result.675",0.975326486340176,0.187,0.095
"result.676",0.942473997376005,0.15,0.095
"result.677",0.3398785570038,-0.039,0.095
"result.678",0.153821069377292,-0.097,0.095
"result.679",0.620721992677171,0.029,0.096
"result.680",0.986422419538743,0.21,0.095
"result.681",0.991382653540304,0.226,0.095
"result.682",0.744153425487865,0.062,0.095
"result.683",0.601494299069897,0.024,0.095
"result.684",0.968004467089372,0.176,0.095
"result.685",0.983177403442115,0.202,0.095
"result.686",0.0720874340809382,-0.139,0.095
"result.687",0.625229057691678,0.03,0.095
"result.688",0.48256624176641,-0.004,0.095
"result.689",0.116395462475213,-0.114,0.095
"result.690",0.599063689821525,0.024,0.095
"result.691",0.337321144658464,-0.04,0.095
"result.692",0.317895586119186,-0.045,0.095
"result.693",0.542033657646716,0.01,0.095
"result.694",0.703061708154631,0.051,0.095
"result.695",0.0299510807235908,-0.179,0.095
"result.696",0.203285767169035,-0.079,0.095
"result.697",0.934310664439835,0.143,0.095
"result.698",0.98699671028685,0.212,0.095
"result.699",0.741815769837467,0.061,0.095
"result.700",0.772334209630174,0.071,0.095
"result.701",0.916152200823385,0.131,0.095
"result.702",0.986176274407444,0.209,0.095
"result.703",0.786700192339916,0.075,0.095
"result.704",0.66053477280423,0.039,0.095
"result.705",0.972633213627822,0.183,0.095
"result.706",0.688745633847148,0.047,0.095
"result.707",0.774304949219173,0.071,0.095
"result.708",0.487968518903997,-0.003,0.095
"result.709",0.916164648066994,0.131,0.095
"result.710",0.941065189120599,0.149,0.095
"result.711",0.735449653411103,0.06,0.095
"result.712",0.587345579630281,0.021,0.095
"result.713",0.864090706373054,0.104,0.095
"result.714",0.771117700923942,0.07,0.095
"result.715",0.809352057759407,0.083,0.095
"result.716",0.748046888653149,0.063,0.095
"result.717",0.0479902145912107,-0.158,0.095
"result.718",0.873365391536638,0.109,0.095
"result.719",0.415915608259039,-0.02,0.095
"result.720",0.366328868441689,-0.033,0.095
"result.721",0.358534560919448,-0.035,0.095
"result.722",0.689199002619387,0.047,0.095
"result.723",0.854195096750514,0.1,0.095
"result.724",0.905905829879589,0.125,0.095
"result.725",0.796021210646347,0.078,0.095
"result.726",0.786587325115939,0.075,0.095
"result.727",0.960999511332448,0.168,0.095
"result.728",0.40067037695811,-0.024,0.095
"result.729",0.919823644042529,0.133,0.095
"result.730",0.926547309602302,0.138,0.095
"result.731",0.387874930339298,-0.027,0.095
"result.732",0.408277207930551,-0.022,0.095
"result.733",0.607193832969613,0.026,0.095
"result.734",0.32521315741603,-0.043,0.095
"result.735",0.513443997952121,0.003,0.095
"result.736",0.841517331983335,0.095,0.095
"result.737",0.878938851379967,0.111,0.095
"result.738",0.375060905652432,-0.03,0.095
"result.739",0.609379172549103,0.026,0.095
"result.740",0.951219286623365,0.157,0.095
"result.741",0.0983076835844236,-0.123,0.095
"result.742",0.994937280041741,0.244,0.095
"result.743",0.899330739859598,0.121,0.095
"result.744",0.877405512510387,0.11,0.095
"result.745",0.560016605440846,0.014,0.095
"result.746",0.359556363358263,-0.034,0.095
"result.747",0.353235596398529,-0.036,0.095
"result.748",0.49096103228194,-0.002,0.095
"result.749",0.4898017538172,-0.003,0.095
"result.750",0.89936762694259,0.121,0.095
"result.751",0.978257047989883,0.192,0.095
"result.752",0.725916487885361,0.057,0.095
"result.753",0.989869913525819,0.221,0.095
"result.754",0.827116003427189,0.09,0.095
"result.755",0.741508529950352,0.061,0.095
"result.756",0.209009096860468,-0.077,0.095
"result.757",0.926753543817045,0.138,0.095
"result.758",0.370861063307958,-0.032,0.095
"result.759",0.395078560755617,-0.025,0.095
"result.760",0.959667196897239,0.166,0.095
"result.761",0.294486635784931,-0.052,0.095
"result.762",0.823459604084318,0.088,0.095
"result.763",0.774973662546737,0.072,0.095
"result.764",0.789531384917572,0.076,0.095
"result.765",0.513289688706357,0.003,0.095
"result.766",0.983400861462962,0.202,0.095
"result.767",0.299397079425867,-0.05,0.095
"result.768",0.935517336219245,0.144,0.095
"result.769",0.81750075855129,0.086,0.095
"result.770",0.651938940756839,0.037,0.095
"result.771",0.999800128042341,0.337,0.096
"result.772",0.994989482079384,0.244,0.095
"result.773",0.958067072556655,0.164,0.095
"result.774",0.362150976010667,-0.034,0.095
"result.775",0.811433926364568,0.084,0.095
"result.776",0.508947446644138,0.002,0.095
"result.777",0.967485383788287,0.175,0.095
"result.778",0.54886557760049,0.011,0.095
"result.779",0.972007965843245,0.182,0.095
"result.780",0.724667603939979,0.057,0.095
"result.781",0.999668234615911,0.323,0.095
"result.782",0.162722615444466,-0.094,0.095
"result.783",0.354680863116989,-0.036,0.095
"result.784",0.926305172832364,0.137,0.095
"result.785",0.993923163982026,0.238,0.095
"result.786",0.488873203125112,-0.003,0.095
"result.787",0.344353060140437,-0.038,0.095
"result.788",0.148516013348329,-0.099,0.095
"result.789",0.567587008572175,0.016,0.095
"result.790",0.867211163524092,0.106,0.095
"result.791",0.8725686542322,0.108,0.095
"result.792",0.998250700984402,0.278,0.096
"result.793",0.488178072240895,-0.003,0.095
"result.794",0.983612769240242,0.203,0.095
"result.795",0.236869118493754,-0.068,0.095
"result.796",0.724398469359348,0.057,0.095
"result.797",0.895942569302532,0.12,0.095
"result.798",0.845568569701627,0.097,0.095
"result.799",0.771983545355658,0.071,0.095
"result.800",0.984622055375946,0.205,0.095
"result.801",0.765487560382079,0.069,0.095
"result.802",0.795092197621234,0.078,0.095
"result.803",0.907012872548697,0.125,0.095
"result.804",0.577347561926884,0.018,0.095
"result.805",0.600141568075425,0.024,0.095
"result.806",0.225887784732608,-0.072,0.095
"result.807",0.932000199312379,0.141,0.095
"result.808",0.882352855569629,0.113,0.095
"result.809",0.850160838740105,0.098,0.095
"result.810",0.79948853132007,0.08,0.095
"result.811",0.986229107575164,0.209,0.095
"result.812",0.894801414645334,0.119,0.095
"result.813",0.66504811656287,0.04,0.095
"result.814",0.984141971025033,0.204,0.095
"result.815",0.634809405468479,0.033,0.095
"result.816",0.907594597477317,0.126,0.095
"result.817",0.408807757840527,-0.022,0.095
"result.818",0.447583234885205,-0.013,0.095
"result.819",0.419640359453998,-0.019,0.095
"result.820",0.987486491952262,0.213,0.095
"result.821",0.582765751406325,0.02,0.095
"result.822",0.566795821896978,0.016,0.095
"result.823",0.929150326335812,0.139,0.095
"result.824",0.723075339041371,0.056,0.095
"result.825",0.929794336648071,0.14,0.095
"result.826",0.433041561692447,-0.016,0.095
"result.827",0.656372527562006,0.038,0.095
"result.828",0.587774423787398,0.021,0.095
"result.829",0.983361183566007,0.202,0.095
"result.830",0.9298126757657,0.14,0.095
"result.831",0.887659340028309,0.115,0.095
"result.832",0.754295652590787,0.065,0.095
"result.833",0.47043807324016,-0.007,0.095
"result.834",0.78929811265698,0.076,0.095
"result.835",0.694804194720732,0.048,0.095
"result.836",0.676840713356718,0.043,0.095
"result.837",0.694622371683816,0.048,0.095
"result.838",0.789861815071163,0.077,0.095
"result.839",0.992801504525043,0.233,0.095
"result.840",0.641516145454317,0.034,0.095
"result.841",0.213853045231231,-0.076,0.095
"result.842",0.894787726500962,0.119,0.095
"result.843",0.992542689103177,0.231,0.095
"result.844",0.547755282311852,0.011,0.095
"result.845",0.178654899033728,-0.088,0.095
"result.846",0.350820691745795,-0.037,0.095
"result.847",0.779321435669906,0.073,0.095
"result.848",0.976265140702713,0.188,0.095
"result.849",0.919312277972191,0.133,0.095
"result.850",0.935304444682413,0.144,0.095
"result.851",0.786323196157495,0.075,0.095
"result.852",0.170542564023019,-0.091,0.095
"result.853",0.856170862091188,0.101,0.095
"result.854",0.587455793622882,0.021,0.095
"result.855",0.860847808869944,0.103,0.095
"result.856",0.95010953830616,0.156,0.095
"result.857",0.308083670189069,-0.048,0.095
"result.858",0.812125591025774,0.084,0.095
"result.859",0.951791916571809,0.158,0.095
"result.860",0.0500365440728498,-0.156,0.095
"result.861",0.921235111381434,0.134,0.095
"result.862",0.964819577183447,0.172,0.095
"result.863",0.941578319665937,0.149,0.095
"result.864",0.526910202179157,0.006,0.095
"result.865",0.598517255166283,0.024,0.095
"result.866",0.97084056817968,0.18,0.095
"result.867",0.679934728023068,0.044,0.095
"result.868",0.900980076431187,0.122,0.095
"result.869",0.98031437513903,0.196,0.095
"result.870",0.31308958903139,-0.047,0.095
"result.871",0.494239755604476,-0.002,0.095
"result.872",0.968672612777512,0.177,0.095
"result.873",0.792956092613222,0.077,0.095
"result.874",0.889486870272043,0.116,0.095
"result.875",0.909929704428958,0.127,0.095
"result.876",0.929626338500348,0.14,0.095
"result.877",0.998653290170033,0.286,0.095
"result.878",0.962526882957526,0.169,0.095
"result.879",0.284851320343132,-0.054,0.095
"result.880",0.533369693363568,0.008,0.095
"result.881",0.962465255898633,0.169,0.095
"result.882",0.333089404121136,-0.041,0.095
"result.883",0.491875780659317,-0.002,0.095
"result.884",0.805990958979773,0.082,0.095
"result.885",0.740807035949779,0.061,0.095
"result.886",0.767655063679833,0.069,0.095
"result.887",0.499964642313254,0,0.095
"result.888",0.588366452977451,0.021,0.095
"result.889",0.866842631339674,0.105,0.095
"result.890",0.937911122869894,0.146,0.095
"result.891",0.728191612094657,0.057,0.095
"result.892",0.818021170033289,0.087,0.096
"result.893",0.796184822776816,0.079,0.095
"result.894",0.577453953141128,0.018,0.095
"result.895",0.781239048365017,0.074,0.095
"result.896",0.626614046242634,0.03,0.095
"result.897",0.994648534249283,0.242,0.095
"result.898",0.898776025004692,0.121,0.095
"result.899",0.719048934110248,0.055,0.095
"result.900",0.977644124664453,0.191,0.095
"result.901",0.936534579603451,0.145,0.095
"result.902",0.88379611491176,0.113,0.095
"result.903",0.478916554532782,-0.005,0.095
"result.904",0.998566326258503,0.284,0.095
"result.905",0.779470613417138,0.073,0.095
"result.906",0.535404253963045,0.008,0.095
"result.907",0.749581074084745,0.064,0.095
"result.908",0.808987182432256,0.083,0.095
"result.909",0.645631829233298,0.035,0.095
"result.910",0.956472357274934,0.163,0.095
"result.911",0.940318849207065,0.148,0.095
"result.912",0.857824875493725,0.102,0.095
"result.913",0.7585879244982,0.066,0.095
"result.914",0.322261673997087,-0.044,0.095
"result.915",0.458500828221154,-0.01,0.095
"result.916",0.658206514222341,0.038,0.095
"result.917",0.259312755301771,-0.061,0.095
"result.918",0.250992757909478,-0.064,0.095
"result.919",0.79572481728516,0.078,0.095
"result.920",0.331998361491881,-0.041,0.095
"result.921",0.850349856664504,0.099,0.095
"result.922",0.641206469509373,0.034,0.095
"result.923",0.660358824395532,0.039,0.095
"result.924",0.887154134557576,0.115,0.095
"result.925",0.35904691207865,-0.034,0.095
"result.926",0.450675964509739,-0.012,0.095
"result.927",0.548874481318582,0.011,0.095
"result.928",0.621564783608187,0.029,0.095
"result.929",0.962341783786594,0.169,0.095
"result.930",0.714567048105529,0.054,0.095
"result.931",0.925624574134938,0.137,0.095
"result.932",0.700802449348155,0.05,0.095
"result.933",0.275502779808728,-0.057,0.095
"result.934",0.599739871989632,0.024,0.095
"result.935",0.953337678263573,0.16,0.095
"result.936",0.785600140705773,0.075,0.095
"result.937",0.851839134687624,0.099,0.095
"result.938",0.365810979359171,-0.033,0.095
"result.939",0.835440323376053,0.093,0.095
"result.940",0.808174279569662,0.083,0.095
"result.941",0.144341823068119,-0.101,0.095
"result.942",0.880005301811728,0.111,0.095
"result.943",0.882982492398817,0.113,0.095
"result.944",0.437688786538418,-0.015,0.095
"result.945",0.12862542157498,-0.108,0.095
"result.946",0.637271886286041,0.033,0.095
"result.947",0.825406128641598,0.089,0.095
"result.948",0.460851991353798,-0.01,0.095
"result.949",0.618381912958117,0.028,0.095
"result.950",0.77701295264078,0.072,0.095
"result.951",0.404777115459117,-0.023,0.095
"result.952",0.37765472661502,-0.03,0.095
"result.953",0.227320527701379,-0.071,0.095
"result.954",0.744341232498108,0.062,0.095
"result.955",0.349261484266739,-0.037,0.095
"result.956",0.967910073740965,0.176,0.095
"result.957",0.768177386179934,0.069,0.095
"result.958",0.698618537518341,0.049,0.095
"result.959",0.795626075716842,0.078,0.095
"result.960",0.454615200128059,-0.011,0.095
"result.961",0.878954100450527,0.111,0.095
"result.962",0.793236586840088,0.078,0.095
"result.963",0.201443591360064,-0.08,0.095
"result.964",0.819481609897928,0.087,0.095
"result.965",0.356818807971471,-0.035,0.095
"result.966",0.343998447154359,-0.038,0.095
"result.967",0.716565950367009,0.054,0.095
"result.968",0.988100847564778,0.215,0.095
"result.969",0.537234368076066,0.009,0.095
"result.970",0.90933500406635,0.127,0.095
"result.971",0.486699932479574,-0.003,0.095
"result.972",0.967729161286302,0.175,0.095
"result.973",0.355948643007772,-0.035,0.095
"result.974",0.91418720195596,0.13,0.095
"result.975",0.363032752774385,-0.034,0.095
"result.976",0.446654854530376,-0.013,0.095
"result.977",0.864844248790896,0.105,0.095
"result.978",0.78851479263476,0.076,0.095
"result.979",0.95063137130967,0.157,0.095
"result.980",0.971489371678392,0.181,0.095
"result.981",0.35627931456581,-0.035,0.095
"result.982",0.999066066335755,0.296,0.095
"result.983",0.918715422286618,0.132,0.095
"result.984",0.905971331693503,0.125,0.095
"result.985",0.822647186814133,0.088,0.095
"result.986",0.867621738239921,0.106,0.095
"result.987",0.911348553108401,0.129,0.096
"result.988",0.749658860451266,0.064,0.095
"result.989",0.701605062827257,0.05,0.095
"result.990",0.357914974627791,-0.035,0.095
"result.991",0.102259076927987,-0.121,0.095
"result.992",0.782136868246538,0.074,0.095
"result.993",0.798326395857649,0.079,0.095
"result.994",0.0709276394549262,-0.14,0.095
"result.995",0.611842493827601,0.027,0.095
"result.996",0.974991398915818,0.186,0.095
"result.997",0.849994180089621,0.098,0.095
"result.998",0.714409648764348,0.054,0.095
"result.999",0.546313627612279,0.011,0.095
"result.1000",0.821616589688972,0.087,0.095
"result.1001",0.961473959422828,0.168,0.095
"result.1002",0.451542392231255,-0.012,0.095
"result.1003",0.930393866211653,0.14,0.095
"result.1004",0.840924753423648,0.095,0.095
"result.1005",0.846657610556301,0.097,0.095
"result.1006",0.30692820758556,-0.048,0.095
"result.1007",0.416222377472103,-0.02,0.095
"result.1008",0.439990666325172,-0.015,0.095
"result.1009",0.82264210805786,0.088,0.095
"result.1010",0.273696620533449,-0.057,0.095
"result.1011",0.930551115139414,0.14,0.095
"result.1012",0.879832167249902,0.112,0.095
"result.1013",0.981645602653067,0.199,0.095
"result.1014",0.919429647011151,0.133,0.095
"result.1015",0.894877528020674,0.119,0.095
"result.1016",0.689038740398568,0.047,0.095
"result.1017",0.544744566101073,0.01,0.095
"result.1018",0.647334521580285,0.036,0.095
"result.1019",0.0177675389711701,-0.2,0.095
"result.1020",0.466976077900235,-0.008,0.095
"result.1021",0.930798343288582,0.14,0.095
"result.1022",0.129173941970844,-0.108,0.095
"result.1023",0.445242488858877,-0.013,0.095
"result.1024",0.975856442616559,0.187,0.095
"result.1025",0.668601875189833,0.041,0.095
"result.1026",0.97769119586914,0.191,0.095
"result.1027",0.217561515412693,-0.074,0.095
"result.1028",0.923045313697013,0.135,0.095
"result.1029",0.986911682895548,0.211,0.095
"result.1030",0.449659875752765,-0.012,0.095
"result.1031",0.840329055753077,0.094,0.095
"result.1032",0.732481979244616,0.059,0.095
"result.1033",0.932989581215023,0.142,0.095
"result.1034",0.915539447542314,0.131,0.096
"result.1035",0.61002438779425,0.026,0.095
"result.1036",0.454901203818275,-0.011,0.095
"result.1037",0.65653402112149,0.038,0.095
"result.1038",0.819902308626433,0.087,0.095
"result.1039",0.804446227920264,0.081,0.095
"result.1040",0.673369285919014,0.042,0.095
"result.1041",0.859185786113325,0.102,0.095
"result.1042",0.880288546414296,0.112,0.095
"result.1043",0.642048841734229,0.034,0.095
"result.1044",0.996966089415064,0.261,0.095
"result.1045",0.0286628503014783,-0.181,0.095
"result.1046",0.59328059013735,0.022,0.095
"result.1047",0.986230468853897,0.209,0.095
"result.1048",0.977835395054356,0.191,0.095
"result.1049",0.834404644114952,0.092,0.095
"result.1050",0.253736784529868,-0.063,0.095
"result.1051",0.915828527064154,0.131,0.095
"result.1052",0.369511887284918,-0.032,0.095
"result.1053",0.686047070162462,0.046,0.095
"result.1054",0.969077571951118,0.177,0.095
"result.1055",0.997037476302909,0.261,0.095
"result.1056",0.740450373232321,0.061,0.095
"result.1057",0.954821029810777,0.161,0.095
"result.1058",0.931416618170118,0.141,0.095
"result.1059",0.941269854437327,0.149,0.096
"result.1060",0.901449525528697,0.123,0.095
"result.1061",0.654171483574028,0.038,0.095
"result.1062",0.793291638838481,0.078,0.095
"result.1063",0.640669492010096,0.034,0.095
"result.1064",0.0635888986407965,-0.145,0.095
"result.1065",0.577310076015637,0.018,0.095
"result.1066",0.796165061962049,0.079,0.095
"result.1067",0.880500237261342,0.112,0.095
"result.1068",0.921632095861147,0.134,0.095
"result.1069",0.358289519600812,-0.035,0.095
"result.1070",0.57829246719748,0.019,0.095
"result.1071",0.961587802121437,0.168,0.095
"result.1072",0.944650650536947,0.151,0.095
"result.1073",0.980647520792276,0.197,0.095
"result.1074",0.234580433867142,-0.069,0.095
"result.1075",0.364579513173697,-0.033,0.095
"result.1076",0.908458606996085,0.126,0.095
"result.1077",0.550082524513573,0.012,0.095
"result.1078",0.799636414898806,0.08,0.095
"result.1079",0.154756951901297,-0.097,0.095
"result.1080",0.34792527933975,-0.037,0.095
"result.1081",0.745067302354864,0.062,0.095
"result.1082",0.557222665186509,0.013,0.095
"result.1083",0.992597618523052,0.232,0.095
"result.1084",0.838007941338998,0.094,0.095
"result.1085",0.525476784557179,0.006,0.095
"result.1086",0.654621123314878,0.038,0.095
"result.1087",0.561668486154019,0.015,0.095
"result.1088",0.325937484664314,-0.043,0.095
"result.1089",0.569227410877153,0.016,0.095
"result.1090",0.901165266880153,0.122,0.095
"result.1091",0.76721717188605,0.069,0.095
"result.1092",0.883911424234255,0.114,0.095
"result.1093",0.897362534339411,0.12,0.095
"result.1094",0.0723817282997652,-0.139,0.095
"result.1095",0.804892283915205,0.081,0.095
"result.1096",0.567303114279825,0.016,0.095
"result.1097",0.999167424028273,0.299,0.095
"result.1098",0.997815206774129,0.271,0.095
"result.1099",0.939891554894468,0.148,0.095
"result.1100",0.85730741033845,0.101,0.095
"result.1101",0.87527485411138,0.109,0.095
"result.1102",0.30655549562848,-0.048,0.095
"result.1103",0.603506723119182,0.025,0.095
"result.1104",0.641318603521038,0.034,0.095
"result.1105",0.860865073920332,0.103,0.095
"result.1106",0.322601558950684,-0.044,0.095
"result.1107",0.529413540490246,0.007,0.095
"result.1108",0.998358071456349,0.28,0.096
"result.1109",0.6942796024829,0.048,0.095
"result.1110",0.43149333104858,-0.017,0.095
"result.1111",0.584286228191891,0.02,0.095
"result.1112",0.908066151275904,0.126,0.095
"result.1113",0.333819825330282,-0.041,0.095
"result.1114",0.4046616441831,-0.023,0.095
"result.1115",0.195899068491474,-0.082,0.095
"result.1116",0.565805737132439,0.016,0.095
"result.1117",0.773631173333096,0.071,0.095
"result.1118",0.648043184935404,0.036,0.095
"result.1119",0.893472853892248,0.119,0.095
"result.1120",0.891755509255816,0.118,0.095
"result.1121",0.647037222657233,0.036,0.095
"result.1122",0.734680299625217,0.059,0.095
"result.1123",0.325219784308862,-0.043,0.095
"result.1124",0.845691514909046,0.097,0.095
"result.1125",0.585169050096217,0.02,0.095
"result.1126",0.64864702868646,0.036,0.095
"result.1127",0.928045708267677,0.139,0.095
"result.1128",0.834547515437096,0.092,0.095
"result.1129",0.801311816236438,0.08,0.095
"result.1130",0.690252557823191,0.047,0.095
"result.1131",0.482677011209141,-0.004,0.095
"result.1132",0.981390337717891,0.198,0.095
"result.1133",0.647970035143369,0.036,0.095
"result.1134",0.771450679296269,0.071,0.095
"result.1135",0.299300220663384,-0.05,0.095
"result.1136",0.0872853190649245,-0.129,0.095
"result.1137",0.95260827933635,0.159,0.095
"result.1138",0.568183464428331,0.016,0.095
"result.1139",0.954401951688691,0.16,0.095
"result.1140",0.112646747219709,-0.116,0.095
"result.1141",0.921036513009372,0.134,0.095
"result.1142",0.0762133791073614,-0.136,0.095
"result.1143",0.461991413716116,-0.009,0.095
"result.1144",0.807595274492405,0.082,0.095
"result.1145",0.497159541713023,-0.001,0.095
"result.1146",0.96454868907204,0.171,0.095
"result.1147",0.63054428475705,0.032,0.095
"result.1148",0.521807805910708,0.005,0.095
"result.1149",0.820549940176812,0.087,0.095
"result.1150",0.940332008995235,0.148,0.095
"result.1151",0.215007103038235,-0.075,0.095
"result.1152",0.726398315811587,0.057,0.095
"result.1153",0.329287382458368,-0.042,0.095
"result.1154",0.359213448492517,-0.034,0.095
"result.1155",0.478384812141547,-0.005,0.095
"result.1156",0.933272982157237,0.143,0.095
"result.1157",0.666875447464742,0.041,0.095
"result.1158",0.626770499863351,0.03,0.095
"result.1159",0.423188473404053,-0.019,0.095
"result.1160",0.180980373141332,-0.087,0.095
"result.1161",0.998130303014568,0.275,0.095
"result.1162",0.906758312671172,0.125,0.095
"result.1163",0.916529888460375,0.131,0.095
"result.1164",0.567110967238508,0.016,0.095
"result.1165",0.280120431615512,-0.056,0.095
"result.1166",0.0289568102126205,-0.181,0.095
"result.1167",0.589689632893357,0.021,0.095
"result.1168",0.852871197966853,0.099,0.095
"result.1169",0.492734580679051,-0.002,0.095
"result.1170",0.392866203876567,-0.026,0.095
"result.1171",0.954168355733846,0.16,0.095
"result.1172",0.942021960883576,0.149,0.095
"result.1173",0.893040623341398,0.118,0.095
"result.1174",0.871832552807856,0.108,0.095
"result.1175",0.153586651076979,-0.097,0.095
"result.1176",0.622276078515913,0.029,0.095
"result.1177",0.952809735049862,0.159,0.095
"result.1178",0.239340096468723,-0.068,0.095
"result.1179",0.395881854879098,-0.025,0.095
"result.1180",0.988366794850995,0.215,0.095
"result.1181",0.556333883035299,0.013,0.095
"result.1182",0.80052642555946,0.08,0.095
"result.1183",0.796629441912072,0.079,0.095
"result.1184",0.988800626248999,0.217,0.095
"result.1185",0.692858108385694,0.048,0.095
"result.1186",0.179693141494524,-0.087,0.095
"result.1187",0.697392338229307,0.049,0.095
"result.1188",0.136488350294682,-0.104,0.095
"result.1189",0.988377532968042,0.215,0.095
"result.1190",0.356159101336168,-0.035,0.095
"result.1191",0.909550644399403,0.127,0.095
"result.1192",0.827754451310971,0.09,0.095
"result.1193",0.21272657034193,-0.076,0.095
"result.1194",0.707980349027336,0.052,0.095
"result.1195",0.722580083066664,0.056,0.095
"result.1196",0.997613986624679,0.269,0.095
"result.1197",0.808749724548955,0.083,0.095
"result.1198",0.868450308633807,0.106,0.095
"result.1199",0.897317742713941,0.12,0.095
"result.1200",0.939818219682623,0.147,0.095
"result.1201",0.82554251365448,0.089,0.095
"result.1202",0.587336316599148,0.021,0.095
"result.1203",0.331875466089053,-0.042,0.095
"result.1204",0.407106802471765,-0.023,0.095
"result.1205",0.785996876725663,0.075,0.095
"result.1206",0.373803096918285,-0.031,0.095
"result.1207",0.829173257632771,0.09,0.095
"result.1208",0.486467385483005,-0.003,0.095
"result.1209",0.913681424739641,0.129,0.095
"result.1210",0.838632184150277,0.094,0.095
"result.1211",0.550418804986924,0.012,0.095
"result.1212",0.860720680167252,0.103,0.095
"result.1213",0.919900931664074,0.133,0.095
"result.1214",0.996533160747338,0.257,0.095
"result.1215",0.56154616594347,0.015,0.095
"result.1216",0.662420636585562,0.04,0.095
"result.1217",0.96951804008301,0.178,0.095
"result.1218",0.980730413402044,0.197,0.095
"result.1219",0.398313548405283,-0.025,0.095
"result.1220",0.188134609782289,-0.084,0.095
"result.1221",0.940626093255226,0.148,0.095
"result.1222",0.853559607375698,0.1,0.095
"result.1223",0.822651823015163,0.088,0.095
"result.1224",0.869433467092827,0.106,0.095
"result.1225",0.596512262753564,0.023,0.095
"result.1226",0.844167040086904,0.096,0.095
"result.1227",0.868239170637678,0.106,0.095
"result.1228",0.458211818843263,-0.01,0.095
"result.1229",0.470470803357553,-0.007,0.095
"result.1230",0.996507004702382,0.256,0.095
"result.1231",0.557660804705581,0.014,0.095
"result.1232",0.666997273762158,0.041,0.095
"result.1233",0.976016792907482,0.188,0.095
"result.1234",0.975085701482528,0.186,0.095
"result.1235",0.170307956392705,-0.091,0.095
"result.1236",0.897811074853563,0.121,0.095
"result.1237",0.883834242949291,0.114,0.095
"result.1238",0.310977873837331,-0.047,0.095
"result.1239",0.653391949347365,0.037,0.095
"result.1240",0.972625002914404,0.182,0.095
"result.1241",0.214286583574683,-0.075,0.095
"result.1242",0.955591384656089,0.161,0.095
"result.1243",0.873170774975428,0.109,0.095
"result.1244",0.364081808335417,-0.033,0.095
"result.1245",0.647722186695196,0.036,0.095
"result.1246",0.927659124616797,0.139,0.095
"result.1247",0.997499657847632,0.267,0.095
"result.1248",0.810502120812939,0.083,0.095
"result.1249",0.970290739724008,0.179,0.095
"result.1250",0.601206842064128,0.024,0.095
"result.1251",0.60939337028434,0.026,0.095
"result.1252",0.821912710116866,0.088,0.095
"result.1253",0.874731071783306,0.109,0.095
"result.1254",0.89657090453216,0.12,0.095
"result.1255",0.874697775109007,0.109,0.095
"result.1256",0.739339099423183,0.061,0.095
"result.1257",0.755899458833184,0.066,0.095
"result.1258",0.811642589681437,0.084,0.095
"result.1259",0.983688055875194,0.203,0.095
"result.1260",0.953524181664305,0.159,0.095
"result.1261",0.760535866867577,0.067,0.095
"result.1262",0.998793761248694,0.288,0.095
"result.1263",0.436625057293001,-0.015,0.095
"result.1264",0.831153563564507,0.091,0.095
"result.1265",0.99712397278892,0.263,0.095
"result.1266",0.684614172940233,0.046,0.095
"result.1267",0.968295623843302,0.176,0.095
"result.1268",0.853072017340768,0.1,0.095
"result.1269",0.555429847234387,0.013,0.095
"result.1270",0.837020212264771,0.093,0.095
"result.1271",0.968452402550285,0.176,0.095
"result.1272",0.407395823297349,-0.022,0.095
"result.1273",0.951210148595557,0.157,0.095
"result.1274",0.873941540441857,0.109,0.095
"result.1275",0.792945729599906,0.077,0.095
"result.1276",0.751161066429837,0.064,0.095
"result.1277",0.967928345595085,0.176,0.095
"result.1278",0.894267133199911,0.119,0.095
"result.1279",0.377714820098602,-0.03,0.095
"result.1280",0.35170008542592,-0.036,0.095
"result.1281",0.937457543577387,0.146,0.095
"result.1282",0.946269938409642,0.153,0.095
"result.1283",0.949459090553754,0.156,0.095
"result.1284",0.629873951030044,0.031,0.095
"result.1285",0.700868628776816,0.05,0.095
"result.1286",0.816642778536187,0.086,0.095
"result.1287",0.464329368792623,-0.009,0.095
"result.1288",0.399061440637349,-0.025,0.095
"result.1289",0.731526293669438,0.059,0.095
"result.1290",0.876227829914225,0.11,0.095
"result.1291",0.999171911419193,0.299,0.095
"result.1292",0.981584553710724,0.198,0.095
"result.1293",0.117264429804484,-0.113,0.095
"result.1294",0.682232749351728,0.045,0.095
"result.1295",0.86999065473368,0.107,0.095
"result.1296",0.461248165514315,-0.009,0.095
"result.1297",0.583581370083303,0.02,0.095
"result.1298",0.664113284488824,0.04,0.095
"result.1299",0.986822133668512,0.211,0.095
"result.1300",0.773678270952212,0.071,0.095
"result.1301",0.434603078232073,-0.016,0.095
"result.1302",0.830348556772907,0.091,0.095
"result.1303",0.929437756691443,0.14,0.095
"result.1304",0.4669939089402,-0.008,0.095
"result.1305",0.742567391689549,0.062,0.095
"result.1306",0.777503794919322,0.072,0.095
"result.1307",0.627809175246225,0.031,0.095
"result.1308",0.114339205562046,-0.114,0.095
"result.1309",0.970292192664802,0.179,0.095
"result.1310",0.882056844299953,0.112,0.095
"result.1311",0.675700876587083,0.043,0.095
"result.1312",0.804494418870022,0.081,0.095
"result.1313",0.562298866795535,0.015,0.095
"result.1314",0.662135654135434,0.04,0.095
"result.1315",0.950331571263919,0.157,0.095
"result.1316",0.927220435417103,0.138,0.095
"result.1317",0.455367647158569,-0.011,0.095
"result.1318",0.194964164058271,-0.082,0.095
"result.1319",0.619315634401836,0.029,0.095
"result.1320",0.998675015768959,0.286,0.095
"result.1321",0.785906441875758,0.075,0.095
"result.1322",0.286814174392368,-0.054,0.095
"result.1323",0.873137283868646,0.108,0.095
"result.1324",0.724610811801254,0.057,0.095
"result.1325",0.674791950339068,0.043,0.095
"result.1326",0.999048832037466,0.296,0.095
"result.1327",0.97533845046623,0.187,0.095
"result.1328",0.261229907346042,-0.061,0.095
"result.1329",0.804476861201807,0.081,0.095
"result.1330",0.805633578214171,0.082,0.095
"result.1331",0.787980879495721,0.076,0.095
"result.1332",0.128777685098746,-0.108,0.095
"result.1333",0.490207647711864,-0.003,0.095
"result.1334",0.906097210338813,0.125,0.095
"result.1335",0.169423744964296,-0.091,0.095
"result.1336",0.708606871703259,0.052,0.095
"result.1337",0.6590340788727,0.039,0.095
"result.1338",0.825162052424404,0.089,0.095
"result.1339",0.400739384831503,-0.024,0.095
"result.1340",0.586591618146009,0.021,0.095
"result.1341",0.517034448101413,0.004,0.095
"result.1342",0.891877776817747,0.117,0.095
"result.1343",0.55464918272851,0.013,0.096
"result.1344",0.803165790823472,0.081,0.095
"result.1345",0.885625551772088,0.114,0.095
"result.1346",0.833712510684535,0.092,0.095
"result.1347",0.985809656052179,0.208,0.095
"result.1348",0.741545623542583,0.061,0.095
"result.1349",0.953896545368796,0.16,0.095
"result.1350",0.413337402152481,-0.021,0.095
"result.1351",0.727478407299514,0.058,0.095
"result.1352",0.738555691773592,0.061,0.095
"result.1353",0.821143879993193,0.087,0.095
"result.1354",0.966322059180759,0.174,0.095
"result.1355",0.956719825850354,0.163,0.095
"result.1356",0.872186080390752,0.108,0.095
"result.1357",0.910332767950377,0.127,0.095
"result.1358",0.886942668753802,0.115,0.095
"result.1359",0.506183496452522,0.001,0.095
"result.1360",0.749427364909403,0.064,0.095
"result.1361",0.970962508297002,0.18,0.095
"result.1362",0.781939767276145,0.074,0.095
"result.1363",0.394478743360543,-0.026,0.095
"result.1364",0.940168241867463,0.148,0.095
"result.1365",0.813511814774096,0.084,0.095
"result.1366",0.952580786718366,0.159,0.095
"result.1367",0.325532489943745,-0.043,0.095
"result.1368",0.159750481996667,-0.095,0.095
"result.1369",0.309173517000479,-0.048,0.095
"result.1370",0.831278650571897,0.091,0.095
"result.1371",0.92134076197611,0.134,0.095
"result.1372",0.777516059890348,0.072,0.095
"result.1373",0.869107394950856,0.106,0.095
"result.1374",0.84034277438076,0.094,0.095
"result.1375",0.228619910885048,-0.071,0.095
"result.1376",0.89486851770324,0.119,0.095
"result.1377",0.923537719516765,0.136,0.095
"result.1378",0.99990347862003,0.353,0.096
"result.1379",0.0174609829875835,-0.201,0.095
"result.1380",0.056841681474892,-0.151,0.095
"result.1381",0.519834917952094,0.005,0.095
"result.1382",0.998072629422031,0.274,0.095
"result.1383",0.375395317138476,-0.03,0.095
"result.1384",0.626297118772366,0.03,0.095
"result.1385",0.346867926542129,-0.038,0.095
"result.1386",0.878852219996191,0.111,0.095
"result.1387",0.808296418308383,0.083,0.095
"result.1388",0.346361509381442,-0.038,0.095
"result.1389",0.888548636943642,0.116,0.095
"result.1390",0.838152817311599,0.094,0.095
"result.1391",0.978799450158841,0.193,0.095
"result.1392",0.933295521075873,0.143,0.095
"result.1393",0.0891922501605466,-0.128,0.095
"result.1394",0.6575736628307,0.038,0.095
"result.1395",0.993457071316924,0.236,0.095
"result.1396",0.318335915556633,-0.045,0.095
"result.1397",0.233623973988791,-0.069,0.095
"result.1398",0.536428571351839,0.008,0.095
"result.1399",0.965561830232388,0.173,0.095
"result.1400",0.14549849783925,-0.101,0.095
"result.1401",0.863029504471015,0.104,0.095
"result.1402",0.330138893291593,-0.042,0.095
"result.1403",0.653890743304758,0.037,0.095
"result.1404",0.277758562725598,-0.056,0.095
"result.1405",0.698604399891902,0.049,0.095
"result.1406",0.813423027692824,0.085,0.095
"result.1407",0.929168576667657,0.14,0.095
"result.1408",0.601806838023315,0.024,0.095
"result.1409",0.780382638952592,0.073,0.095
"result.1410",0.654391629462103,0.038,0.095
"result.1411",0.867646599661188,0.106,0.095
"result.1412",0.433044944821017,-0.016,0.095
"result.1413",0.787190297808334,0.076,0.095
"result.1414",0.444141940450006,-0.014,0.095
"result.1415",0.341303084570976,-0.039,0.095
"result.1416",0.973187769373468,0.183,0.095
"result.1417",0.939812830920975,0.148,0.095
"result.1418",0.148437813388461,-0.099,0.095
"result.1419",0.890481196072427,0.117,0.095
"result.1420",0.986868660774588,0.211,0.095
"result.1421",0.818834510553911,0.086,0.095
"result.1422",0.640307208646674,0.034,0.095
"result.1423",0.941175219805496,0.149,0.095
"result.1424",0.987164559244489,0.212,0.095
"result.1425",0.736729945604543,0.06,0.095
"result.1426",0.835340571292595,0.093,0.095
"result.1427",0.225100288427605,-0.072,0.095
"result.1428",0.531474918827858,0.007,0.095
"result.1429",0.168923541459923,-0.091,0.095
"result.1430",0.871062844887394,0.107,0.095
"result.1431",0.31813217373608,-0.045,0.095
"result.1432",0.598109290518973,0.023,0.095
"result.1433",0.906502700914804,0.126,0.095
"result.1434",0.992712205602583,0.232,0.095
"result.1435",0.796226605574777,0.078,0.095
"result.1436",0.127049998333811,-0.109,0.095
"result.1437",0.972403511515245,0.182,0.095
"result.1438",0.705974891985058,0.051,0.095
"result.1439",0.404354880261045,-0.023,0.095
"result.1440",0.988343444444685,0.215,0.095
"result.1441",0.787991621136898,0.076,0.095
"result.1442",0.711294825181093,0.053,0.095
"result.1443",0.993518059849701,0.236,0.095
"result.1444",0.995512612349698,0.249,0.096
"result.1445",0.969143830279947,0.177,0.095
"result.1446",0.962822889139118,0.169,0.095
"result.1447",0.598800383801446,0.024,0.095
"result.1448",0.267970263449584,-0.059,0.095
"result.1449",0.864628910487625,0.104,0.095
"result.1450",0.368015149401056,-0.032,0.095
"result.1451",0.443867351024321,-0.014,0.095
"result.1452",0.843352527856032,0.096,0.095
"result.1453",0.899196400934322,0.121,0.095
"result.1454",0.477054069548326,-0.006,0.095
"result.1455",0.254938825535113,-0.063,0.095
"result.1456",0.757123852136351,0.066,0.095
"result.1457",0.962952551516352,0.17,0.095
"result.1458",0.144018003142975,-0.101,0.095
"result.1459",0.513207122107845,0.003,0.095
"result.1460",0.771054738360312,0.07,0.095
"result.1461",0.731431257443193,0.058,0.095
"result.1462",0.959663414330751,0.166,0.095
"result.1463",0.87237923205823,0.108,0.095
"result.1464",0.226666330313767,-0.072,0.095
"result.1465",0.860025770630165,0.103,0.095
"result.1466",0.796208424945596,0.078,0.095
"result.1467",0.142980139045728,-0.102,0.095
"result.1468",0.58593127786099,0.02,0.095
"result.1469",0.515990456745408,0.004,0.095
"result.1470",0.466759042155254,-0.008,0.095
"result.1471",0.512497212689602,0.003,0.095
"result.1472",0.110370912355756,-0.117,0.095
"result.1473",0.353052127788317,-0.036,0.095
"result.1474",0.0554885043607313,-0.152,0.095
"result.1475",0.419975918487407,-0.019,0.095
"result.1476",0.780797444551004,0.073,0.095
"result.1477",0.974456130757878,0.185,0.095
"result.1478",0.910893983252542,0.128,0.095
"result.1479",0.95160276731497,0.158,0.095
"result.1480",0.242128143200235,-0.067,0.095
"result.1481",0.0238779419201438,-0.188,0.095
"result.1482",0.992087913279451,0.229,0.095
"result.1483",0.380600270599744,-0.029,0.095
"result.1484",0.907516163920454,0.126,0.095
"result.1485",0.980664164541724,0.197,0.095
"result.1486",0.549618823181644,0.012,0.095
"result.1487",0.619292090890796,0.029,0.095
"result.1488",0.260169107497698,-0.061,0.095
"result.1489",0.855147036402496,0.1,0.095
"result.1490",0.559264089127188,0.014,0.095
"result.1491",0.857725965921938,0.101,0.095
"result.1492",0.484577818941995,-0.004,0.095
"result.1493",0.592488039965496,0.022,0.095
"result.1494",0.324731043343077,-0.043,0.095
"result.1495",0.803665392334253,0.081,0.095
"result.1496",0.235275933615142,-0.069,0.095
"result.1497",0.798016335355789,0.079,0.095
"result.1498",0.778184621521364,0.073,0.095
"result.1499",0.99230251463977,0.23,0.095
"result.1500",0.831588989369208,0.091,0.095
"result.1501",0.574943590755914,0.018,0.095
"result.1502",0.513112905553178,0.003,0.095
"result.1503",0.350036043569953,-0.037,0.095
"result.1504",0.75415436388177,0.065,0.095
"result.1505",0.892482587668348,0.118,0.095
"result.1506",0.933615772906168,0.143,0.095
"result.1507",0.945656053287054,0.152,0.095
"result.1508",0.271499628755582,-0.058,0.095
"result.1509",0.585341798556619,0.02,0.095
"result.1510",0.968263221125479,0.176,0.095
"result.1511",0.97728312935493,0.19,0.095
"result.1512",0.527296082852268,0.006,0.095
"result.1513",0.601228253098772,0.024,0.095
"result.1514",0.977939038038735,0.192,0.095
"result.1515",0.69243366371508,0.048,0.095
"result.1516",0.912957558558632,0.129,0.095
"result.1517",0.849131023012281,0.098,0.095
"result.1518",0.800675880616659,0.08,0.095
"result.1519",0.900700953166106,0.122,0.095
"result.1520",0.654040235332663,0.037,0.095
"result.1521",0.602037096944352,0.024,0.095
"result.1522",0.621136796629628,0.029,0.095
"result.1523",0.711746938720285,0.053,0.095
"result.1524",0.770531319617591,0.07,0.095
"result.1525",0.118788259135434,-0.113,0.096
"result.1526",0.649254077632183,0.036,0.095
"result.1527",0.974017348624646,0.185,0.095
"result.1528",0.92960033867548,0.14,0.095
"result.1529",0.757555473485584,0.066,0.095
"result.1530",0.746134146955653,0.063,0.095
"result.1531",0.344669670492812,-0.038,0.095
"result.1532",0.381743085597006,-0.029,0.095
"result.1533",0.649982152769642,0.036,0.095
"result.1534",0.423366440097902,-0.019,0.095
"result.1535",0.981719537866964,0.199,0.095
"result.1536",0.188056804449258,-0.084,0.095
"result.1537",0.949156641459371,0.155,0.095
"result.1538",0.757573505749054,0.066,0.095
"result.1539",0.512829407613661,0.003,0.095
"result.1540",0.797151657338254,0.079,0.095
"result.1541",0.260055019145071,-0.061,0.095
"result.1542",0.913784106908765,0.13,0.095
"result.1543",0.857776195880821,0.102,0.095
"result.1544",0.4799498475283,-0.005,0.095
"result.1545",0.209506791386131,-0.077,0.095
"result.1546",0.598900542061954,0.024,0.095
"result.1547",0.128353194240712,-0.108,0.095
"result.1548",0.71834166331262,0.055,0.095
"result.1549",0.944631271524714,0.151,0.095
"result.1550",0.755352634752658,0.066,0.095
"result.1551",0.770425569544934,0.07,0.095
"result.1552",0.799646765769293,0.08,0.095
"result.1553",0.937878824148074,0.146,0.095
"result.1554",0.349389952558165,-0.037,0.095
"result.1555",0.84935097154799,0.098,0.095
"result.1556",0.555887622562161,0.013,0.095
"result.1557",0.631056701609843,0.032,0.095
"result.1558",0.686612883614643,0.046,0.095
"result.1559",0.131713735180189,-0.107,0.095
"result.1560",0.934802689703245,0.144,0.095
"result.1561",0.99376720212454,0.238,0.095
"result.1562",0.716565425536106,0.054,0.095
"result.1563",0.434383870097321,-0.016,0.095
"result.1564",0.97501189439834,0.186,0.095
"result.1565",0.0642743411682521,-0.145,0.095
"result.1566",0.516816280894321,0.004,0.095
"result.1567",0.794234486718796,0.078,0.095
"result.1568",0.998246607212648,0.278,0.095
"result.1569",0.999534616227445,0.315,0.095
"result.1570",0.539892634487225,0.009,0.095
"result.1571",0.771231702219565,0.071,0.095
"result.1572",0.948158715505386,0.154,0.095
"result.1573",0.332158298991246,-0.041,0.095
"result.1574",0.953794225757137,0.16,0.095
"result.1575",0.170527570584688,-0.091,0.095
"result.1576",0.937664051351129,0.146,0.095
"result.1577",0.796487591971121,0.079,0.095
"result.1578",0.93441384777312,0.143,0.095
"result.1579",0.535281980729704,0.008,0.095
"result.1580",0.940576794568835,0.148,0.095
"result.1581",0.0172700855726634,-0.201,0.095
"result.1582",0.229797476382224,-0.07,0.095
"result.1583",0.260316914884044,-0.061,0.095
"result.1584",0.802351859116341,0.081,0.095
"result.1585",0.0830696264493129,-0.132,0.095
"result.1586",0.0237807130924336,-0.189,0.095
"result.1587",0.991781612811799,0.228,0.095
"result.1588",0.994639579022782,0.242,0.095
"result.1589",0.56108456447918,0.014,0.095
"result.1590",0.908319899602087,0.126,0.095
"result.1591",0.952075829521494,0.158,0.095
"result.1592",0.959926278838985,0.166,0.095
"result.1593",0.779121038567377,0.073,0.095
"result.1594",0.891621534129546,0.117,0.095
"result.1595",0.0941978476487643,-0.125,0.095
"result.1596",0.363876661172884,-0.033,0.095
"result.1597",0.221419617087336,-0.073,0.095
"result.1598",0.277266914510846,-0.056,0.095
"result.1599",0.857892397374379,0.102,0.095
"result.1600",0.336915281552422,-0.04,0.095
"result.1601",0.720156037680406,0.055,0.095
"result.1602",0.559235957028626,0.014,0.095
"result.1603",0.965905448421168,0.174,0.095
"result.1604",0.627239634090131,0.031,0.095
"result.1605",0.840164661947402,0.094,0.095
"result.1606",0.333039596398694,-0.041,0.095
"result.1607",0.585583282333608,0.02,0.095
"result.1608",0.874940920333782,0.109,0.095
"result.1609",0.735173705655584,0.06,0.095
"result.1610",0.551119688457567,0.012,0.095
"result.1611",0.852775958571867,0.1,0.095
"result.1612",0.775074102791483,0.072,0.095
"result.1613",0.987526981483199,0.213,0.095
"result.1614",0.823014410245131,0.088,0.095
"result.1615",0.645012785158263,0.035,0.095
"result.1616",0.426117971062034,-0.018,0.095
"result.1617",0.0931197683041689,-0.126,0.095
"result.1618",0.999531364977056,0.315,0.095
"result.1619",0.0513637530743872,-0.156,0.095
"result.1620",0.770949277847735,0.07,0.095
"result.1621",0.711444735871465,0.053,0.095
"result.1622",0.6806841007973,0.044,0.095
"result.1623",0.032363261517891,-0.176,0.095
"result.1624",0.944217357931636,0.151,0.095
"result.1625",0.949969904769716,0.156,0.095
"result.1626",0.867130474887875,0.106,0.095
"result.1627",0.947477471398424,0.154,0.095
"result.1628",0.978373275546825,0.193,0.095
"result.1629",0.968346490756859,0.176,0.095
"result.1630",0.999187119901963,0.299,0.095
"result.1631",0.656911728202741,0.038,0.095
"result.1632",0.200463702768139,-0.08,0.095
"result.1633",0.776857223154492,0.072,0.095
"result.1634",0.741801428748898,0.061,0.095
"result.1635",0.557445075298253,0.014,0.095
"result.1636",0.496649938353842,-0.001,0.095
"result.1637",0.993109457139409,0.234,0.095
"result.1638",0.633907941614654,0.032,0.095
"result.1639",0.785487785303571,0.075,0.095
"result.1640",0.933044428278353,0.142,0.095
"result.1641",0.98977741592728,0.22,0.095
"result.1642",0.884091361296381,0.114,0.095
"result.1643",0.618570240038536,0.028,0.095
"result.1644",0.439677274515898,-0.015,0.095
"result.1645",0.287267203647644,-0.054,0.095
"result.1646",0.742678800703611,0.062,0.095
"result.1647",0.980829056255483,0.197,0.095
"result.1648",0.96057671213538,0.167,0.095
"result.1649",0.998672451325833,0.286,0.095
"result.1650",0.668258342397052,0.041,0.095
"result.1651",0.758129015140061,0.066,0.095
"result.1652",0.890612095215111,0.117,0.095
"result.1653",0.685505168096107,0.046,0.095
"result.1654",0.191402703551362,-0.083,0.095
"result.1655",0.337357160409149,-0.04,0.095
"result.1656",0.806517947799475,0.082,0.095
"result.1657",0.371567406691096,-0.031,0.095
"result.1658",0.919162017144538,0.133,0.095
"result.1659",0.936861965784768,0.145,0.095
"result.1660",0.894043119634926,0.118,0.095
"result.1661",0.424567274003475,-0.018,0.095
"result.1662",0.682285809193308,0.045,0.095
"result.1663",0.605848936537701,0.025,0.095
"result.1664",0.833666455674698,0.092,0.095
"result.1665",0.8529765078928,0.1,0.095
"result.1666",0.767504082590099,0.069,0.095
"result.1667",0.514530182790149,0.003,0.095
"result.1668",0.923750287422404,0.136,0.095
"result.1669",0.828322512899683,0.09,0.095
"result.1670",0.912531428106031,0.129,0.095
"result.1671",0.884533143123738,0.114,0.095
"result.1672",0.5745553118557,0.018,0.095
"result.1673",0.993044104359826,0.234,0.095
"result.1674",0.55297945351321,0.012,0.095
"result.1675",0.606266266461805,0.025,0.095
"result.1676",0.708930842299113,0.052,0.095
"result.1677",0.215166786678098,-0.075,0.095
"result.1678",0.552360046989918,0.012,0.095
"result.1679",0.847966124815399,0.098,0.095
"result.1680",0.374144686832884,-0.031,0.095
"result.1681",0.747311354282664,0.063,0.095
"result.1682",0.837830681932595,0.094,0.095
"result.1683",0.615213619161886,0.028,0.095
"result.1684",0.766779370256448,0.069,0.095
"result.1685",0.836690148052564,0.093,0.095
"result.1686",0.163803588337349,-0.093,0.095
"result.1687",0.98627355321905,0.21,0.095
"result.1688",0.692392171122158,0.048,0.095
"result.1689",0.959290931547313,0.166,0.095
"result.1690",0.626080373323507,0.03,0.095
"result.1691",0.351999359600375,-0.036,0.095
"result.1692",0.814825984628757,0.085,0.095
"result.1693",0.813755308701275,0.085,0.095
"result.1694",0.878817627396272,0.111,0.095
"result.1695",0.997633599077498,0.269,0.095
"result.1696",0.793097333144142,0.078,0.095
"result.1697",0.0993495094666077,-0.122,0.095
"result.1698",0.0907566207381446,-0.127,0.095
"result.1699",0.982284090265635,0.2,0.095
"result.1700",0.140463091091567,-0.103,0.095
"result.1701",0.22759715001872,-0.071,0.095
"result.1702",0.689282054828738,0.047,0.095
"result.1703",0.417774873261396,-0.02,0.095
"result.1704",0.769352897529727,0.07,0.095
"result.1705",0.921787831897516,0.135,0.095
"result.1706",0.894453124258205,0.119,0.095
"result.1707",0.930144418775924,0.141,0.096
"result.1708",0.661411502518609,0.039,0.095
"result.1709",0.986078737073592,0.209,0.095
"result.1710",0.827725408726885,0.09,0.095
"result.1711",0.770828062897251,0.07,0.095
"result.1712",0.997150331609768,0.263,0.095
"result.1713",0.254427997310275,-0.063,0.095
"result.1714",0.530740719290185,0.007,0.095
"result.1715",0.894664132401595,0.119,0.095
"result.1716",0.815397755077148,0.085,0.095
"result.1717",0.979280769045146,0.194,0.095
"result.1718",0.430817218825177,-0.017,0.095
"result.1719",0.991662860959596,0.228,0.095
"result.1720",0.889397272936837,0.116,0.095
"result.1721",0.7447278538176,0.062,0.095
"result.1722",0.725436420909706,0.057,0.095
"result.1723",0.911101119028894,0.128,0.095
"result.1724",0.701121984976233,0.05,0.095
"result.1725",0.932106995116726,0.142,0.095
"result.1726",0.852176515613151,0.099,0.095
"result.1727",0.771599496938589,0.071,0.095
"result.1728",0.972538799936122,0.182,0.095
"result.1729",0.982090338587106,0.199,0.095
"result.1730",0.777988318947244,0.073,0.095
"result.1731",0.499781883900264,0,0.095
"result.1732",0.921011537616191,0.134,0.095
"result.1733",0.84452605435185,0.096,0.095
"result.1734",0.373811963090319,-0.031,0.095
"result.1735",0.632134224987305,0.032,0.095
"result.1736",0.51247575181782,0.003,0.095
"result.1737",0.986975648799542,0.212,0.095
"result.1738",0.999881134331704,0.348,0.095
"result.1739",0.553658432508526,0.013,0.095
"result.1740",0.647592263367438,0.036,0.095
"result.1741",0.451078282190971,-0.012,0.095
"result.1742",0.889373968847227,0.116,0.095
"result.1743",0.869102300293396,0.106,0.095
"result.1744",0.990174930589784,0.221,0.095
"result.1745",0.981158074361327,0.197,0.095
"result.1746",0.528137077638584,0.007,0.095
"result.1747",0.866697372305315,0.105,0.095
"result.1748",0.878864056332485,0.111,0.095
"result.1749",0.923777180090288,0.136,0.095
"result.1750",0.992749186564109,0.233,0.095
"result.1751",0.674976485084313,0.043,0.095
"result.1752",0.734316445176209,0.059,0.095
"result.1753",0.666230079029213,0.041,0.095
"result.1754",0.999543105518303,0.315,0.095
"result.1755",0.959046030192384,0.165,0.095
"result.1756",0.913493560117205,0.129,0.095
"result.1757",0.686019867886231,0.046,0.095
"result.1758",0.289599056313755,-0.053,0.095
"result.1759",0.657912064255866,0.038,0.095
"result.1760",0.813740085731734,0.085,0.095
"result.1761",0.677434381537044,0.044,0.095
"result.1762",0.86082817382148,0.103,0.095
"result.1763",0.721436195172592,0.056,0.095
"result.1764",0.471374048411466,-0.007,0.095
"result.1765",0.978025974381372,0.191,0.095
"result.1766",0.965860737755184,0.173,0.095
"result.1767",0.138069398954327,-0.104,0.095
"result.1768",0.384111869314114,-0.028,0.095
"result.1769",0.884927469335185,0.114,0.095
"result.1770",0.293280525073485,-0.052,0.095
"result.1771",0.921177410635982,0.134,0.095
"result.1772",0.666083770671456,0.041,0.095
"result.1773",0.105034626383238,-0.119,0.095
"result.1774",0.721273853227761,0.056,0.095
"result.1775",0.739505563280997,0.061,0.095
"result.1776",0.316097116866472,-0.046,0.095
"result.1777",0.842716649495131,0.095,0.095
"result.1778",0.906170012300428,0.125,0.095
"result.1779",0.75168453989923,0.064,0.095
"result.1780",0.610791385651919,0.027,0.095
"result.1781",0.804837390290809,0.082,0.095
"result.1782",0.379363879964377,-0.029,0.095
"result.1783",0.768319238411898,0.07,0.095
"result.1784",0.72341953998743,0.056,0.095
"result.1785",0.953235725587415,0.159,0.095
"result.1786",0.310871174607413,-0.047,0.095
"result.1787",0.884689517149617,0.114,0.095
"result.1788",0.732499651553076,0.059,0.095
"result.1789",0.848201284333065,0.098,0.095
"result.1790",0.489998059912238,-0.003,0.095
"result.1791",0.671763452507436,0.042,0.095
"result.1792",0.779449677629143,0.073,0.095
"result.1793",0.388894460489058,-0.027,0.095
"result.1794",0.635516173806279,0.033,0.095
"result.1795",0.982998521582356,0.201,0.095
"result.1796",0.192132203244079,-0.083,0.095
"result.1797",0.992614377417674,0.232,0.095
"result.1798",0.976884482530897,0.189,0.095
"result.1799",0.0286448011701046,-0.181,0.095
"result.1800",0.611604126394096,0.027,0.095
"result.1801",0.969528320729677,0.178,0.095
"result.1802",0.795813958500787,0.078,0.095
"result.1803",0.96390694313967,0.171,0.095
"result.1804",0.867872159235818,0.106,0.095
"result.1805",0.961634672464142,0.169,0.095
"result.1806",0.569843312539304,0.017,0.095
"result.1807",0.854761636665051,0.1,0.095
"result.1808",0.0887264740809182,-0.128,0.095
"result.1809",0.964221837916641,0.171,0.095
"result.1810",0.18560138551672,-0.085,0.095
"result.1811",0.989952786535315,0.221,0.095
"result.1812",0.535357646361148,0.008,0.095
"result.1813",0.993408940207821,0.236,0.095
"result.1814",0.260720732044218,-0.061,0.095
"result.1815",0.00881814652129377,-0.226,0.095
"result.1816",0.166438365740379,-0.092,0.095
"result.1817",0.291550686555128,-0.052,0.095
"result.1818",0.638411965345871,0.033,0.095
"result.1819",0.620195943605016,0.029,0.095
"result.1820",0.916495176386484,0.131,0.095
"result.1821",0.88570088303933,0.114,0.095
"result.1822",0.132323150574017,-0.106,0.095
"result.1823",0.254345019570718,-0.063,0.095
"result.1824",0.998568133357852,0.284,0.095
"result.1825",0.95932733318541,0.166,0.095
"result.1826",0.92141630818352,0.134,0.095
"result.1827",0.537797047532596,0.009,0.095
"result.1828",0.549482729571465,0.012,0.095
"result.1829",0.624796535735179,0.03,0.095
"result.1830",0.803614264769711,0.081,0.095
"result.1831",0.514743298422476,0.003,0.095
"result.1832",0.685339779213801,0.046,0.095
"result.1833",0.430004605905823,-0.017,0.095
"result.1834",0.512389600895144,0.003,0.095
"result.1835",0.476215358496784,-0.006,0.095
"result.1836",0.463759368300018,-0.009,0.095
"result.1837",0.713401290936172,0.053,0.095
"result.1838",0.942557400892197,0.15,0.095
"result.1839",0.332239917347988,-0.041,0.095
"result.1840",0.883014260869631,0.113,0.095
"result.1841",0.092858665128292,-0.126,0.095
"result.1842",0.988351914389429,0.216,0.095
"result.1843",0.769668263694388,0.07,0.095
"result.1844",0.645129271765749,0.035,0.095
"result.1845",0.423261722581885,-0.019,0.095
"result.1846",0.195183203714617,-0.082,0.095
"result.1847",0.613043482814008,0.027,0.096
"result.1848",0.320600064226061,-0.044,0.095
"result.1849",0.708500562886503,0.052,0.095
"result.1850",0.831278292353349,0.091,0.095
"result.1851",0.895926101241561,0.119,0.095
"result.1852",0.767300375721036,0.069,0.095
"result.1853",0.038671358850359,-0.168,0.095
"result.1854",0.988810087040169,0.217,0.095
"result.1855",0.620304692318556,0.029,0.095
"result.1856",0.768228810583905,0.069,0.095
"result.1857",0.595397922770954,0.023,0.095
"result.1858",0.818647022140194,0.086,0.095
"result.1859",0.885707237514867,0.114,0.095
"result.1860",0.329121564266935,-0.042,0.095
"result.1861",0.939542143742452,0.147,0.095
"result.1862",0.96686939564522,0.174,0.095
"result.1863",0.186413618840523,-0.085,0.095
"result.1864",0.978872159348237,0.193,0.095
"result.1865",0.752694443332513,0.065,0.095
"result.1866",0.0322845837395022,-0.176,0.095
"result.1867",0.444841801640195,-0.013,0.095
"result.1868",0.145199074865916,-0.101,0.095
"result.1869",0.386135736622531,-0.028,0.095
"result.1870",0.759250837871781,0.067,0.095
"result.1871",0.640639654934992,0.034,0.095
"result.1872",0.837604381565211,0.093,0.095
"result.1873",0.202876274453663,-0.079,0.095
"result.1874",0.908584340829656,0.126,0.095
"result.1875",0.868035259652451,0.106,0.095
"result.1876",0.137110908860941,-0.104,0.095
"result.1877",0.385259015334102,-0.028,0.095
"result.1878",0.37870941153383,-0.03,0.095
"result.1879",0.180580055685642,-0.087,0.095
"result.1880",0.530064063646139,0.007,0.095
"result.1881",0.963479879878403,0.17,0.095
"result.1882",0.592471762613525,0.022,0.095
"result.1883",0.914968953849624,0.13,0.095
"result.1884",0.811110990809914,0.084,0.095
"result.1885",0.947934423588213,0.155,0.095
"result.1886",0.908178886746762,0.126,0.095
"result.1887",0.675980404760928,0.043,0.095
"result.1888",0.901102498003146,0.122,0.095
"result.1889",0.464549502893929,-0.009,0.095
"result.1890",0.365308077818598,-0.033,0.095
"result.1891",0.960515625405694,0.167,0.095
"result.1892",0.92441733123717,0.136,0.095
"result.1893",0.958555356340971,0.165,0.095
"result.1894",0.704991878299852,0.051,0.095
"result.1895",0.893946113640821,0.118,0.095
"result.1896",0.753120643902419,0.065,0.095
"result.1897",0.971125431642806,0.181,0.095
"result.1898",0.660755834886175,0.039,0.095
"result.1899",0.421838913245449,-0.019,0.095
"result.1900",0.785270430175888,0.075,0.095
"result.1901",0.999906079121473,0.354,0.095
"result.1902",0.274667331569972,-0.057,0.095
"result.1903",0.795643488815112,0.078,0.095
"result.1904",0.269490516490711,-0.059,0.095
"result.1905",0.494795685335169,-0.001,0.095
"result.1906",0.82373084153609,0.088,0.095
"result.1907",0.590020156362093,0.021,0.095
"result.1908",0.899746962919735,0.122,0.095
"result.1909",0.955331574452922,0.161,0.095
"result.1910",0.762584151205881,0.068,0.095
"result.1911",0.955056132928044,0.161,0.095
"result.1912",0.870577764080811,0.107,0.095
"result.1913",0.93059768833994,0.141,0.095
"result.1914",0.978808578794608,0.193,0.095
"result.1915",0.567123942380406,0.016,0.095
"result.1916",0.891608308580242,0.117,0.095
"result.1917",0.894592357331109,0.119,0.095
"result.1918",0.807037881053113,0.082,0.095
"result.1919",0.651700293136286,0.037,0.095
"result.1920",0.617669461682221,0.028,0.095
"result.1921",0.814106746866442,0.085,0.095
"result.1922",0.371779288657932,-0.031,0.095
"result.1923",0.635751928723847,0.033,0.095
"result.1924",0.975440726485986,0.187,0.095
"result.1925",0.483764277995679,-0.004,0.095
"result.1926",0.778758668213458,0.073,0.095
"result.1927",0.892949733606024,0.118,0.095
"result.1928",0.553383862732784,0.013,0.095
"result.1929",0.720873908237118,0.055,0.095
"result.1930",0.24283667420733,-0.066,0.095
"result.1931",0.887441387644322,0.115,0.095
"result.1932",0.305262483308398,-0.049,0.095
"result.1933",0.513553687333248,0.003,0.095
"result.1934",0.310912775147281,-0.047,0.095
"result.1935",0.990511154507961,0.223,0.095
"result.1936",0.877617468562861,0.11,0.095
"result.1937",0.352098752064088,-0.036,0.095
"result.1938",0.646038899890468,0.035,0.095
"result.1939",0.987240098195722,0.212,0.095
"result.1940",0.669547842903952,0.042,0.095
"result.1941",0.549893264764058,0.012,0.095
"result.1942",0.946317623722449,0.153,0.095
"result.1943",0.459366641217076,-0.01,0.095
"result.1944",0.773197659981774,0.071,0.095
"result.1945",0.975025728382699,0.187,0.095
"result.1946",0.916101264565658,0.131,0.095
"result.1947",0.911129300999496,0.128,0.095
"result.1948",0.687602552972015,0.046,0.095
"result.1949",0.73306448189742,0.059,0.095
"result.1950",0.631916172380768,0.032,0.095
"result.1951",0.831954493154146,0.091,0.095
"result.1952",0.907351816173695,0.126,0.095
"result.1953",0.60381980767793,0.025,0.095
"result.1954",0.803710657706751,0.081,0.095
"result.1955",0.73145782845825,0.059,0.095
"result.1956",0.0685989314497984,-0.141,0.095
"result.1957",0.136630002379321,-0.104,0.095
"result.1958",0.756870345026341,0.066,0.095
"result.1959",0.651795000345353,0.037,0.095
"result.1960",0.788913371812679,0.076,0.095
"result.1961",0.307078211756137,-0.048,0.095
"result.1962",0.838086444797609,0.093,0.095
"result.1963",0.777951302316835,0.072,0.095
"result.1964",0.443652096942042,-0.014,0.095
"result.1965",0.52441739429355,0.006,0.095
"result.1966",0.899879122651423,0.121,0.095
"result.1967",0.824264009614208,0.088,0.095
"result.1968",0.970721883307319,0.18,0.095
"result.1969",0.355507149567119,-0.035,0.095
"result.1970",0.416725488940563,-0.02,0.095
"result.1971",0.793550076697592,0.078,0.095
"result.1972",0.996581898289275,0.257,0.095
"result.1973",0.745790586517808,0.063,0.095
"result.1974",0.938771451777043,0.146,0.095
"result.1975",0.825328211735149,0.089,0.095
"result.1976",0.971549322523629,0.181,0.095
"result.1977",0.872743469097906,0.108,0.095
"result.1978",0.549395589143414,0.012,0.095
"result.1979",0.999577043342214,0.317,0.095
"result.1980",0.366191969385119,-0.033,0.095
"result.1981",0.26256102268928,-0.061,0.095
"result.1982",0.543517780731843,0.01,0.095
"result.1983",0.918841737502497,0.133,0.095
"result.1984",0.965970446170355,0.173,0.095
"result.1985",0.763880998059067,0.068,0.095
"result.1986",0.338078781384207,-0.04,0.095
"result.1987",0.487131061709525,-0.003,0.095
"result.1988",0.596282094242299,0.023,0.095
"result.1989",0.881682420206714,0.112,0.095
"result.1990",0.117223871642227,-0.113,0.095
"result.1991",0.246623658163694,-0.065,0.095
"result.1992",0.706072941927259,0.051,0.095
"result.1993",0.700030190829133,0.05,0.095
"result.1994",0.826947702316525,0.089,0.095
"result.1995",0.923009213122351,0.135,0.095
"result.1996",0.798109419512247,0.079,0.095
"result.1997",0.756603275698316,0.066,0.095
"result.1998",0.968104024739719,0.176,0.095
"result.1999",0.647441295844779,0.036,0.095
"result.2000",0.622104358484699,0.029,0.095
