"","V1","V2"
"result.1","No","0.376745780710525"
"result.2","No","0.0834532728454168"
"result.3","No","0.295963097515882"
"result.4","No","0.105670570554785"
"result.5","No","0.773944320685813"
"result.6","No","0.749208336056536"
"result.7","No","0.173750598176389"
"result.8","No","0.589480392986749"
"result.9","No","0.0751864109396035"
"result.10","No","0.336140582267685"
"result.11","No","0.182134905264868"
"result.12","No","0.295815593402894"
"result.13","No","0.252418139693641"
"result.14","No","0.496707416933394"
"result.15","No","0.583584018981035"
"result.16","No","0.508075136867782"
"result.17","No","0.58650959067405"
"result.18","No","0.44981556614403"
"result.19","No","0.134549224363398"
"result.20","No","0.996398927497962"
"result.21","No","0.694058582797565"
"result.22","No","0.0507676994452586"
"result.23","No","0.725200874903292"
"result.24","No","0.897286409359029"
"result.25","No","0.229659505283449"
"result.26","No","0.0567145493348472"
"result.27","No","0.769472780416154"
"result.28","No","0.611596227134819"
"result.29","No","0.30353743339344"
"result.30","No","0.487161814987225"
"result.31","No","0.902959839012571"
"result.32","No","0.40609788044691"
"result.33","No","0.933051507310421"
"result.34","No","0.294296169472233"
"result.35","Yes","0.00457271457542632"
"result.36","No","0.753142203872268"
"result.37","No","0.554754414323011"
"result.38","No","0.549869228379331"
"result.39","No","0.288590426161752"
"result.40","No","0.0753195830819975"
"result.41","No","0.433398455509251"
"result.42","Yes","0.0202866993473847"
"result.43","No","0.578040997053434"
"result.44","No","0.155768539610915"
"result.45","No","0.191323862290967"
"result.46","No","0.958707267489798"
"result.47","No","0.230150250293742"
"result.48","No","0.239165317218376"
"result.49","No","0.299658105564023"
"result.50","No","0.811865603084291"
"result.51","No","0.992921012537284"
"result.52","No","0.895626887321249"
"result.53","No","0.778278558393701"
"result.54","No","0.561807088030596"
"result.55","No","0.620817829395919"
"result.56","No","0.988479988305433"
"result.57","Yes","0.034927708702344"
"result.58","No","0.937231466636084"
"result.59","No","0.843803196804143"
"result.60","No","0.315485573324835"
"result.61","No","0.530465837192545"
"result.62","No","0.722242581314016"
"result.63","Yes","0.0164026591459388"
"result.64","No","0.797262891848169"
"result.65","No","0.116935273678859"
"result.66","No","0.955250098932305"
"result.67","No","0.740916255160156"
"result.68","No","0.734202414158007"
"result.69","No","0.605570093463187"
"result.70","No","0.584530039073665"
"result.71","No","0.957711494984794"
"result.72","No","0.482964926915907"
"result.73","No","0.985348774920429"
"result.74","No","0.154309144687759"
"result.75","No","0.561453940826167"
"result.76","No","0.922750041342087"
"result.77","No","0.441947513038004"
"result.78","No","0.474334678436742"
"result.79","No","0.122961209094642"
"result.80","No","0.909972314449192"
"result.81","No","0.591911828314022"
"result.82","No","0.806789372739898"
"result.83","No","0.837600792196112"
"result.84","No","0.528949397465558"
"result.85","No","0.618771432173679"
"result.86","No","0.738535173353488"
"result.87","No","0.251048001487287"
"result.88","Yes","0.041435881483464"
"result.89","No","0.402625883489188"
"result.90","No","0.477776188371744"
"result.91","No","0.822227995628922"
"result.92","No","0.602581303833964"
"result.93","No","0.833467823846357"
"result.94","No","0.886059692294961"
"result.95","No","0.847356166568277"
"result.96","No","0.898530068607926"
"result.97","No","0.150129714400028"
"result.98","No","0.972981361461234"
"result.99","No","0.645576652706892"
"result.100","No","0.0600436585070979"
"result.101","No","0.728437407088164"
"result.102","No","0.523464931250316"
"result.103","No","0.766238349621561"
"result.104","No","0.972937869730282"
"result.105","No","0.791040146232706"
"result.106","No","0.818163485865163"
"result.107","No","0.576882801052427"
"result.108","No","0.880030356598853"
"result.109","No","0.542293139658685"
"result.110","No","0.284932415115362"
"result.111","No","0.716091082188669"
"result.112","No","0.516317853984023"
"result.113","No","0.209951829148898"
"result.114","No","0.589271977161281"
"result.115","No","0.277950380101315"
"result.116","No","0.681082776033578"
"result.117","No","0.424019992320709"
"result.118","No","0.505584252318469"
"result.119","No","0.765752147539917"
"result.120","No","0.111215573916077"
"result.121","Yes","0.0442917277667224"
"result.122","No","0.872077929035139"
"result.123","No","0.136151642125915"
"result.124","No","0.585460692338397"
"result.125","No","0.892605896664184"
"result.126","No","0.317093612865013"
"result.127","Yes","0.00907353592705586"
"result.128","No","0.50692819385182"
"result.129","No","0.649156762137069"
"result.130","No","0.103807257699623"
"result.131","No","0.984793117001804"
"result.132","No","0.862744457964471"
"result.133","No","0.764462821573257"
"result.134","No","0.71880233835979"
"result.135","No","0.65992722175162"
"result.136","No","0.12493866484207"
"result.137","No","0.0515442812076079"
"result.138","No","0.111508731561883"
"result.139","No","0.368460850671194"
"result.140","No","0.676468773860838"
"result.141","No","0.526995741317668"
"result.142","No","0.518690874914897"
"result.143","Yes","0.0263292513525675"
"result.144","No","0.134056131877822"
"result.145","No","0.147593160254958"
"result.146","No","0.079177527943577"
"result.147","No","0.332517644022866"
"result.148","No","0.392962434667691"
"result.149","No","0.985540180714177"
"result.150","No","0.605057583796919"
"result.151","No","0.240327368034018"
"result.152","No","0.0704872088599024"
"result.153","No","0.679526694197867"
"result.154","No","0.729833232942924"
"result.155","No","0.506622114626495"
"result.156","No","0.542183397908791"
"result.157","No","0.84444529448339"
"result.158","No","0.142072044988592"
"result.159","No","0.942854890094684"
"result.160","Yes","0.0011892020480326"
"result.161","No","0.101175769027125"
"result.162","No","0.211988941612965"
"result.163","No","0.120718268920544"
"result.164","No","0.285234652676276"
"result.165","No","0.601255167733551"
"result.166","No","0.611438766201842"
"result.167","No","0.437538089356612"
"result.168","No","0.997613799009609"
"result.169","Yes","0.0400092232782148"
"result.170","No","0.901478051087643"
"result.171","No","0.443031739010758"
"result.172","No","0.294325647449166"
"result.173","No","0.418696781065653"
"result.174","No","0.645375311626215"
"result.175","No","0.734919831511521"
"result.176","No","0.723679525285705"
"result.177","No","0.899324716703339"
"result.178","No","0.954657333697433"
"result.179","No","0.96670592220535"
"result.180","No","0.589453594534859"
"result.181","No","0.959297502990701"
"result.182","No","0.783940292849738"
"result.183","No","0.936142020709392"
"result.184","No","0.0761331891005822"
"result.185","No","0.350392201045831"
"result.186","No","0.347377264829893"
"result.187","No","0.670022355859454"
"result.188","Yes","0.00950219880326457"
"result.189","No","0.35876308475231"
"result.190","No","0.543186008879925"
"result.191","No","0.234055047669445"
"result.192","No","0.132390162674586"
"result.193","Yes","0.0264611779457422"
"result.194","No","0.443109121675738"
"result.195","No","0.562811792557664"
"result.196","No","0.48226081107826"
"result.197","No","0.73001184601386"
"result.198","No","0.0901882287656969"
"result.199","No","0.143243542934072"
"result.200","No","0.638197223881005"
"result.201","No","0.716325004250774"
"result.202","No","0.765393128212841"
"result.203","No","0.655734124422907"
"result.204","No","0.182227657104344"
"result.205","No","0.537100266209479"
"result.206","No","0.196401437304727"
"result.207","No","0.429619465338312"
"result.208","No","0.27085078970961"
"result.209","No","0.759272293399471"
"result.210","No","0.119254359511707"
"result.211","No","0.443125865718871"
"result.212","No","0.237199287795313"
"result.213","No","0.418826820690933"
"result.214","No","0.328363604502824"
"result.215","No","0.680778142945044"
"result.216","No","0.718633805912358"
"result.217","Yes","0.0493905243457777"
"result.218","No","0.380708174238949"
"result.219","No","0.0601048364015729"
"result.220","No","0.856659369167392"
"result.221","No","0.683825786225824"
"result.222","No","0.462290190734333"
"result.223","No","0.816737350833814"
"result.224","No","0.783596610419605"
"result.225","No","0.878369761503217"
"result.226","No","0.735711361081681"
"result.227","No","0.534129562507322"
"result.228","No","0.293442263561873"
"result.229","No","0.677034492195755"
"result.230","No","0.77756977612081"
"result.231","No","0.810976494329786"
"result.232","No","0.63473865790246"
"result.233","No","0.269405983817926"
"result.234","No","0.790956370585447"
"result.235","No","0.320408273489328"
"result.236","No","0.60923037539747"
"result.237","No","0.355973898165601"
"result.238","No","0.874351468907176"
"result.239","No","0.210274539555554"
"result.240","No","0.482773474292144"
"result.241","No","0.220387376886284"
"result.242","No","0.195941211885893"
"result.243","No","0.744637204874157"
"result.244","No","0.942603093199386"
"result.245","No","0.833291854853086"
"result.246","No","0.749252260028441"
"result.247","No","0.642795536665235"
"result.248","No","0.331545734261038"
"result.249","No","0.510314385714558"
"result.250","No","0.52465065868781"
"result.251","No","0.991459289957356"
"result.252","No","0.390452334245366"
"result.253","No","0.92373972619948"
"result.254","No","0.361471765733345"
"result.255","No","0.908914810106405"
"result.256","No","0.746366600232396"
"result.257","No","0.0727824495605747"
"result.258","No","0.370254985034067"
"result.259","No","0.791388636611657"
"result.260","Yes","0.0303093432742748"
"result.261","No","0.515506292779798"
"result.262","No","0.89057911257355"
"result.263","No","0.105061090900246"
"result.264","No","0.202583072811106"
"result.265","Yes","0.0481857010841342"
"result.266","No","0.277166819024784"
"result.267","No","0.712037271710743"
"result.268","No","0.220952108632974"
"result.269","No","0.878377391025022"
"result.270","No","0.569076278289794"
"result.271","No","0.821128520918854"
"result.272","No","0.215706536512103"
"result.273","No","0.185877422085503"
"result.274","No","0.0739603297097329"
"result.275","No","0.339953686428074"
"result.276","No","0.716680781957905"
"result.277","No","0.994383578597345"
"result.278","No","0.47381947006731"
"result.279","No","0.695957249308006"
"result.280","No","0.361351430171666"
"result.281","No","0.999513497582526"
"result.282","No","0.561167123590274"
"result.283","No","0.336219488459603"
"result.284","No","0.540096995255982"
"result.285","No","0.400183933533245"
"result.286","No","0.879622992779313"
"result.287","No","0.991170081761834"
"result.288","No","0.818474776157373"
"result.289","No","0.81844843670753"
"result.290","No","0.191746369730752"
"result.291","No","0.954582961433448"
"result.292","No","0.182125299778226"
"result.293","No","0.182390690295715"
"result.294","No","0.742256015372929"
"result.295","No","0.495544869555823"
"result.296","No","0.0989263975840834"
"result.297","No","0.132838850660469"
"result.298","No","0.251514817195803"
"result.299","Yes","0.0303736484651275"
"result.300","No","0.668214023161126"
"result.301","No","0.388084952325202"
"result.302","No","0.934015186329485"
"result.303","No","0.486165182550002"
"result.304","No","0.149415856045589"
"result.305","No","0.868135551284214"
"result.306","No","0.127090911597413"
"result.307","No","0.097933934645158"
"result.308","No","0.419519696386082"
"result.309","No","0.510336356787194"
"result.310","No","0.764190207837093"
"result.311","No","0.898394841854032"
"result.312","No","0.100105818326043"
"result.313","No","0.665207512330738"
"result.314","No","0.343042757588071"
"result.315","Yes","0.0104706843000903"
"result.316","No","0.902117539706231"
"result.317","No","0.933731789968403"
"result.318","No","0.318682877501803"
"result.319","No","0.792493811800721"
"result.320","No","0.959847377684572"
"result.321","No","0.200356536513247"
"result.322","Yes","0.015133553752937"
"result.323","Yes","0.000529222696376797"
"result.324","No","0.147326969997743"
"result.325","No","0.943689754053446"
"result.326","No","0.358265866190958"
"result.327","No","0.224197862870516"
"result.328","Yes","0.038574941683946"
"result.329","No","0.951180021242386"
"result.330","No","0.200901003676151"
"result.331","No","0.602812014011687"
"result.332","No","0.398023074954793"
"result.333","No","0.804703090151781"
"result.334","No","0.747328435244296"
"result.335","No","0.587788935054257"
"result.336","No","0.358669333609148"
"result.337","No","0.972287429271862"
"result.338","No","0.68467354422816"
"result.339","No","0.124939736613288"
"result.340","No","0.229629271328605"
"result.341","No","0.942169922866336"
"result.342","No","0.788695920118181"
"result.343","No","0.445018097458853"
"result.344","No","0.452013304453993"
"result.345","No","0.0747500203330063"
"result.346","No","0.821900103404854"
"result.347","No","0.827141664289113"
"result.348","No","0.656629377907506"
"result.349","No","0.172985104957002"
"result.350","No","0.312899170032391"
"result.351","No","0.150828839069169"
"result.352","No","0.904314166704474"
"result.353","No","0.071892149006876"
"result.354","Yes","0.00958375655158364"
"result.355","No","0.628505188851668"
"result.356","No","0.267150750616547"
"result.357","No","0.945746410101052"
"result.358","No","0.341696334517944"
"result.359","No","0.365567461747384"
"result.360","No","0.876252412480442"
"result.361","No","0.314462664414219"
"result.362","No","0.530613838560403"
"result.363","No","0.832113328044076"
"result.364","No","0.050993419632457"
"result.365","No","0.372693402533693"
"result.366","No","0.28262766458973"
"result.367","No","0.0543718723228369"
"result.368","No","0.957001018996294"
"result.369","No","0.141279589003091"
"result.370","No","0.576272483217909"
"result.371","No","0.707370022920021"
"result.372","No","0.526064505534754"
"result.373","No","0.858948850086417"
"result.374","No","0.891269883154693"
"result.375","No","0.83809837222715"
"result.376","No","0.989747927338861"
"result.377","No","0.549488561605494"
"result.378","No","0.350728104276907"
"result.379","No","0.0731333931942588"
"result.380","No","0.546921625173119"
"result.381","Yes","0.00449559519917756"
"result.382","No","0.435279269134856"
"result.383","Yes","0.013786324895412"
"result.384","No","0.460646627751916"
"result.385","No","0.147117916974973"
"result.386","No","0.0870926814299644"
"result.387","No","0.417716637536528"
"result.388","No","0.380956957592683"
"result.389","No","0.7721859507212"
"result.390","No","0.314951454716493"
"result.391","No","0.141187646254738"
"result.392","No","0.83499965630751"
"result.393","No","0.548589694781091"
"result.394","No","0.51169335036791"
"result.395","No","0.432529802675013"
"result.396","No","0.249875085800864"
"result.397","No","0.625111311263368"
"result.398","No","0.341332757796391"
"result.399","No","0.790825515642237"
"result.400","No","0.438729022472707"
"result.401","No","0.983140302633629"
"result.402","No","0.271787561173497"
"result.403","No","0.107189733920027"
"result.404","No","0.196245611896796"
"result.405","No","0.585418923967997"
"result.406","No","0.538098335471437"
"result.407","No","0.338971438403248"
"result.408","No","0.140602757818355"
"result.409","No","0.756400707387028"
"result.410","No","0.643547814916579"
"result.411","No","0.352518165628851"
"result.412","No","0.199469996002989"
"result.413","No","0.857541845978186"
"result.414","No","0.487432053201061"
"result.415","No","0.170061180125562"
"result.416","No","0.88562422249068"
"result.417","No","0.802573762404654"
"result.418","No","0.467860948974203"
"result.419","No","0.0713110972749268"
"result.420","No","0.542881487971651"
"result.421","No","0.933985591355583"
"result.422","No","0.87371049042471"
"result.423","No","0.193221827242147"
"result.424","No","0.684851382977133"
"result.425","No","0.697723821071789"
"result.426","No","0.078003106062336"
"result.427","No","0.0678042256346964"
"result.428","No","0.402014754571526"
"result.429","No","0.0566121498446911"
"result.430","No","0.267313790212734"
"result.431","No","0.74053876399929"
"result.432","No","0.854141126744077"
"result.433","No","0.371566099770431"
"result.434","Yes","0.0402044909860877"
"result.435","No","0.35444943746911"
"result.436","No","0.871970299877194"
"result.437","Yes","0.0228892607100871"
"result.438","No","0.779678881603963"
"result.439","No","0.31038074763349"
"result.440","No","0.762456640401663"
"result.441","No","0.563812380168891"
"result.442","No","0.585763677263065"
"result.443","No","0.219124537095883"
"result.444","No","0.726738720093157"
"result.445","No","0.894311478784184"
"result.446","No","0.31518459203431"
"result.447","No","0.437915658124001"
"result.448","No","0.858869767904637"
"result.449","No","0.0976575272418867"
"result.450","No","0.125517453870942"
"result.451","No","0.937188014066906"
"result.452","No","0.456500982846938"
"result.453","No","0.798816330998506"
"result.454","Yes","0.000755263847735248"
"result.455","Yes","0.0176185430661714"
"result.456","No","0.740288768025037"
"result.457","No","0.444560505961139"
"result.458","No","0.517958190679677"
"result.459","No","0.566859583898"
"result.460","No","0.354541506856887"
"result.461","No","0.450361963711176"
"result.462","No","0.829191266350081"
"result.463","No","0.345275926948807"
"result.464","No","0.674997874307845"
"result.465","No","0.231454657563756"
"result.466","No","0.736003237219574"
"result.467","No","0.48830838701686"
"result.468","Yes","0.0394788179483044"
"result.469","No","0.788771544974687"
"result.470","No","0.930321566353123"
"result.471","No","0.958742436335932"
"result.472","No","0.125115402099731"
"result.473","No","0.571304775486569"
"result.474","No","0.62449407017474"
"result.475","No","0.323643622014975"
"result.476","No","0.802129585328071"
"result.477","No","0.0783477710501877"
"result.478","No","0.76166847365822"
"result.479","No","0.120060052191229"
"result.480","No","0.767638060917452"
"result.481","No","0.79947399252034"
"result.482","No","0.836126634944074"
"result.483","No","0.708819697201235"
"result.484","No","0.448521746827691"
"result.485","No","0.613506564903048"
"result.486","No","0.942604957685213"
"result.487","No","0.149500631834635"
"result.488","No","0.437018409566173"
"result.489","No","0.43561126585095"
"result.490","No","0.646823369356163"
"result.491","No","0.160428194102465"
"result.492","No","0.663683141852502"
"result.493","No","0.090900914357996"
"result.494","No","0.626136503163493"
"result.495","No","0.382973101766727"
"result.496","No","0.784193396256433"
"result.497","No","0.880013399195612"
"result.498","No","0.0825840003578508"
"result.499","No","0.642806451858629"
"result.500","No","0.671765343559251"
"result.501","No","0.104354772687216"
"result.502","Yes","0.0185486284995781"
"result.503","No","0.257994341495829"
"result.504","No","0.454513611399643"
"result.505","No","0.779018696491776"
"result.506","No","0.147374527977389"
"result.507","No","0.109307763430555"
"result.508","No","0.394610240701155"
"result.509","No","0.500797009315514"
"result.510","No","0.905193254360116"
"result.511","No","0.825023967070415"
"result.512","No","0.636757987303829"
"result.513","No","0.944190527855956"
"result.514","No","0.550607952140606"
"result.515","No","0.779020080105627"
"result.516","No","0.728335002659005"
"result.517","No","0.352466081342304"
"result.518","No","0.366374604566187"
"result.519","No","0.746542808202552"
"result.520","No","0.112584350786187"
"result.521","No","0.817771673105103"
"result.522","No","0.600069781321413"
"result.523","No","0.54513083589546"
"result.524","No","0.459517979427683"
"result.525","No","0.1469549786962"
"result.526","No","0.728582244844863"
"result.527","No","0.545518108287997"
"result.528","No","0.602192564444776"
"result.529","No","0.869835290246008"
"result.530","No","0.619390129476857"
"result.531","No","0.916751095249764"
"result.532","No","0.230050647065865"
"result.533","No","0.673170502436276"
"result.534","No","0.273621003044812"
"result.535","No","0.889127265702115"
"result.536","No","0.287520203595395"
"result.537","No","0.328486157060189"
"result.538","No","0.0989565858001388"
"result.539","No","0.819836467332105"
"result.540","No","0.657503689822686"
"result.541","No","0.238133642759249"
"result.542","No","0.317200337560171"
"result.543","No","0.731894999375747"
"result.544","No","0.79416972192967"
"result.545","No","0.164930218066385"
"result.546","No","0.598489329158708"
"result.547","No","0.676234355215025"
"result.548","No","0.520138705198811"
"result.549","No","0.315578601193233"
"result.550","No","0.501321151539429"
"result.551","No","0.309650178607321"
"result.552","No","0.13787750838747"
"result.553","No","0.775406117902433"
"result.554","No","0.751735734283559"
"result.555","No","0.0771207532162015"
"result.556","No","0.272774414834632"
"result.557","No","0.985104199053473"
"result.558","No","0.814162467077809"
"result.559","No","0.463650061159069"
"result.560","No","0.0532877358951362"
"result.561","No","0.510857100646302"
"result.562","No","0.596765282778549"
"result.563","No","0.865044692475003"
"result.564","No","0.694027131623537"
"result.565","No","0.797230080929822"
"result.566","No","0.805069885156728"
"result.567","No","0.319642963726661"
"result.568","No","0.842471398258408"
"result.569","No","0.199053916592202"
"result.570","No","0.895141898231472"
"result.571","No","0.968090444527662"
"result.572","No","0.143764041225026"
"result.573","No","0.352000575128024"
"result.574","No","0.520737948844011"
"result.575","No","0.236655573503748"
"result.576","No","0.588166575949071"
"result.577","No","0.74052853474697"
"result.578","No","0.0519042238635564"
"result.579","No","0.935083149706773"
"result.580","No","0.268818094001687"
"result.581","No","0.933809024962309"
"result.582","No","0.966425007142046"
"result.583","No","0.221904066690084"
"result.584","No","0.598761997787169"
"result.585","No","0.581869774645719"
"result.586","No","0.882583555338743"
"result.587","No","0.24038949966829"
"result.588","No","0.0906134321279409"
"result.589","No","0.978888969596005"
"result.590","No","0.867022936772133"
"result.591","No","0.836713768492238"
"result.592","No","0.999071333049315"
"result.593","No","0.969979330832597"
"result.594","No","0.364838198863399"
"result.595","No","0.397104065038233"
"result.596","No","0.461648666224368"
"result.597","No","0.434482458202914"
"result.598","No","0.39331574609421"
"result.599","No","0.903888757856112"
"result.600","No","0.675167506620537"
"result.601","No","0.306590782669346"
"result.602","No","0.759686035874127"
"result.603","Yes","9.11731810212095e-05"
"result.604","No","0.491416662836398"
"result.605","No","0.143634073229797"
"result.606","No","0.798545734019545"
"result.607","No","0.414602307537599"
"result.608","No","0.147256329508859"
"result.609","No","0.683961345382879"
"result.610","No","0.888341738127064"
"result.611","No","0.531382251720314"
"result.612","No","0.491754898368945"
"result.613","No","0.158358908029427"
"result.614","No","0.273870481870235"
"result.615","No","0.153448541312139"
"result.616","No","0.562859227635879"
"result.617","No","0.366404011661323"
"result.618","No","0.146622424381924"
"result.619","No","0.487566426850299"
"result.620","No","0.90278432681342"
"result.621","No","0.544210081106928"
"result.622","No","0.802759164959807"
"result.623","No","0.37246672767155"
"result.624","No","0.128332073062879"
"result.625","No","0.839600418046134"
"result.626","No","0.770238275724385"
"result.627","No","0.519489008686576"
"result.628","No","0.692943405190301"
"result.629","No","0.19700515093758"
"result.630","No","0.699510795361105"
"result.631","No","0.513874846724159"
"result.632","No","0.280377532392086"
"result.633","No","0.551432746842101"
"result.634","No","0.651212219032865"
"result.635","No","0.704996013517947"
"result.636","No","0.233711463904687"
"result.637","No","0.131190591405214"
"result.638","No","0.657543485697119"
"result.639","No","0.377710760931943"
"result.640","No","0.12320339404852"
"result.641","Yes","0.0098994596725628"
"result.642","No","0.279779678832056"
"result.643","No","0.391709159682656"
"result.644","No","0.60090297275698"
"result.645","No","0.80493174917925"
"result.646","No","0.81114685281413"
"result.647","No","0.547722187161521"
"result.648","No","0.493172719579318"
"result.649","No","0.115597239753236"
"result.650","No","0.962865208401747"
"result.651","No","0.531424760673348"
"result.652","No","0.86837998629192"
"result.653","No","0.267882896204352"
"result.654","No","0.74855943825922"
"result.655","No","0.499683626260391"
"result.656","No","0.98179402384193"
"result.657","No","0.701502721260657"
"result.658","No","0.434000302057425"
"result.659","No","0.0581485112916914"
"result.660","No","0.795473031045038"
"result.661","No","0.38063979404142"
"result.662","No","0.976901042699108"
"result.663","No","0.744231454024913"
"result.664","No","0.319230021464529"
"result.665","No","0.344665296562171"
"result.666","No","0.592974493660326"
"result.667","No","0.245769216391258"
"result.668","No","0.435730818877952"
"result.669","No","0.74540174727495"
"result.670","No","0.652217981816139"
"result.671","No","0.517974263461956"
"result.672","No","0.389059484244053"
"result.673","No","0.847805388221567"
"result.674","No","0.307458329685563"
"result.675","No","0.209084463909009"
"result.676","No","0.95239841326727"
"result.677","No","0.11965482383371"
"result.678","No","0.731590878121597"
"result.679","No","0.948909033048505"
"result.680","No","0.91763846504378"
"result.681","No","0.567616855236298"
"result.682","No","0.22034190054528"
"result.683","No","0.71651069502209"
"result.684","No","0.882503334217265"
"result.685","No","0.716895170002021"
"result.686","No","0.165578435290795"
"result.687","No","0.9791553848298"
"result.688","No","0.62745409394855"
"result.689","No","0.783221390773178"
"result.690","No","0.810255562973161"
"result.691","No","0.386355517135648"
"result.692","Yes","0.0109339315500127"
"result.693","No","0.118981094280248"
"result.694","No","0.672901425522729"
"result.695","No","0.651954333317765"
"result.696","No","0.197591409447907"
"result.697","No","0.393564472935992"
"result.698","No","0.80066669072154"
"result.699","Yes","0.0293196180114442"
"result.700","No","0.732272555347023"
"result.701","No","0.153393317178436"
"result.702","No","0.677937535113971"
"result.703","No","0.271563895705873"
"result.704","No","0.684057476590262"
"result.705","No","0.43437285610101"
"result.706","No","0.998090587760052"
"result.707","No","0.928839319864721"
"result.708","No","0.986117607365907"
"result.709","No","0.338780992810153"
"result.710","No","0.663601705529801"
"result.711","No","0.696956956985275"
"result.712","No","0.943936790562565"
"result.713","No","0.416726413541426"
"result.714","No","0.914247177823292"
"result.715","No","0.989563755101619"
"result.716","Yes","0.0491402033680633"
"result.717","No","0.325933072529815"
"result.718","No","0.616681720470433"
"result.719","No","0.970659845492427"
"result.720","No","0.822106323035143"
"result.721","No","0.282047649354324"
"result.722","No","0.631714500835345"
"result.723","No","0.39654092357917"
"result.724","No","0.40709777380117"
"result.725","No","0.104808151087802"
"result.726","No","0.965804013206079"
"result.727","No","0.363188043404514"
"result.728","No","0.186361642634078"
"result.729","No","0.462006580387181"
"result.730","No","0.52049928314531"
"result.731","No","0.706647838808641"
"result.732","No","0.0543156077706634"
"result.733","No","0.4887627317242"
"result.734","No","0.366740830298245"
"result.735","Yes","0.0209854378172859"
"result.736","No","0.861725555846194"
"result.737","No","0.278030564977129"
"result.738","No","0.145249994904773"
"result.739","No","0.537255555696028"
"result.740","No","0.520631930348138"
"result.741","No","0.491092330440817"
"result.742","No","0.417410317828879"
"result.743","No","0.414184044577124"
"result.744","No","0.830339772144739"
"result.745","No","0.824809739577012"
"result.746","No","0.269482451828258"
"result.747","No","0.918047630182973"
"result.748","Yes","0.00372506282959271"
"result.749","No","0.829109026318047"
"result.750","No","0.937321220301277"
"result.751","No","0.828313516422026"
"result.752","No","0.644131430928332"
"result.753","No","0.943666650186016"
"result.754","No","0.331963947964081"
"result.755","No","0.624134986467467"
"result.756","No","0.939900984029636"
"result.757","No","0.0805234458075764"
"result.758","No","0.198304558392675"
"result.759","No","0.0802817778677796"
"result.760","No","0.829508727962933"
"result.761","No","0.909737309849172"
"result.762","No","0.964078227309287"
"result.763","No","0.488454884268142"
"result.764","No","0.0941950939694465"
"result.765","No","0.364807094205403"
"result.766","No","0.165919627055406"
"result.767","No","0.588161641242207"
"result.768","No","0.6163875779105"
"result.769","No","0.714768576553615"
"result.770","No","0.317114783677488"
"result.771","No","0.599913831226071"
"result.772","No","0.145120513023084"
"result.773","No","0.0952908925610697"
"result.774","No","0.7698366887484"
"result.775","No","0.196134195806502"
"result.776","No","0.442139280547026"
"result.777","No","0.147767833911849"
"result.778","No","0.326105148523428"
"result.779","No","0.316039296897812"
"result.780","No","0.978974251797007"
"result.781","No","0.14759431006912"
"result.782","No","0.795259554760258"
"result.783","No","0.859523745539183"
"result.784","No","0.207460520922003"
"result.785","No","0.128604144167676"
"result.786","No","0.145547360259868"
"result.787","No","0.908833626974813"
"result.788","No","0.717298993825595"
"result.789","No","0.8867401130628"
"result.790","Yes","0.0264512676973911"
"result.791","No","0.470347555886617"
"result.792","Yes","0.0315843568421504"
"result.793","No","0.260037468934753"
"result.794","No","0.810723644249508"
"result.795","No","0.229782964452123"
"result.796","No","0.2586541779838"
"result.797","No","0.256519701771392"
"result.798","No","0.761427339949814"
"result.799","No","0.242028086517416"
"result.800","No","0.673265795039218"
"result.801","No","0.95857330230553"
"result.802","No","0.554061906436355"
"result.803","No","0.975737529355357"
"result.804","No","0.217969336493251"
"result.805","No","0.160675351509388"
"result.806","No","0.31765234909465"
"result.807","No","0.561912682221734"
"result.808","No","0.230250167838666"
"result.809","No","0.999706905098608"
"result.810","No","0.559023379218011"
"result.811","No","0.191078245432159"
"result.812","No","0.595552244385467"
"result.813","No","0.2816184765446"
"result.814","No","0.330515849629363"
"result.815","No","0.948785048122953"
"result.816","No","0.100610765185347"
"result.817","No","0.336286255493569"
"result.818","No","0.810278869110094"
"result.819","No","0.393728470277548"
"result.820","No","0.0627774867667786"
"result.821","No","0.282697323583169"
"result.822","No","0.344905097698367"
"result.823","No","0.411094279242606"
"result.824","No","0.611543655387145"
"result.825","No","0.516786417850736"
"result.826","No","0.544256009609131"
"result.827","No","0.401018209666615"
"result.828","No","0.433627219924662"
"result.829","No","0.823054711331746"
"result.830","No","0.256890284802949"
"result.831","No","0.919917637889857"
"result.832","No","0.883967090678081"
"result.833","No","0.0627693974860934"
"result.834","No","0.554274991548757"
"result.835","No","0.528488294267115"
"result.836","No","0.779328531824286"
"result.837","Yes","0.00246258643779147"
"result.838","No","0.793531525728097"
"result.839","No","0.568941693094593"
"result.840","No","0.593186110663281"
"result.841","No","0.907892568729466"
"result.842","No","0.933595819069052"
"result.843","No","0.759187562510548"
"result.844","No","0.715747740929957"
"result.845","No","0.911097405843883"
"result.846","No","0.610512872438938"
"result.847","No","0.152654622626651"
"result.848","No","0.919729173087071"
"result.849","No","0.86583881894852"
"result.850","No","0.197957441856053"
"result.851","No","0.882839889571524"
"result.852","No","0.892864282126693"
"result.853","No","0.127418696730812"
"result.854","No","0.522823734212344"
"result.855","No","0.957458237696979"
"result.856","No","0.332448937829614"
"result.857","No","0.43230063411778"
"result.858","No","0.148739347967338"
"result.859","No","0.261127692231897"
"result.860","No","0.121427485301567"
"result.861","No","0.975532689836675"
"result.862","No","0.850604003625756"
"result.863","Yes","0.00670139034038459"
"result.864","No","0.663753346818086"
"result.865","No","0.160844199832355"
"result.866","No","0.577591216112243"
"result.867","No","0.126056686967573"
"result.868","No","0.24018292459374"
"result.869","No","0.328974826975356"
"result.870","No","0.34476575750491"
"result.871","No","0.42565354201313"
"result.872","No","0.592732685724358"
"result.873","No","0.988471139900815"
"result.874","No","0.928316855503105"
"result.875","No","0.403302753795176"
"result.876","No","0.932549173374623"
"result.877","No","0.39969773619171"
"result.878","No","0.861653621113297"
"result.879","No","0.963392301869385"
"result.880","No","0.382942618339454"
"result.881","No","0.366000605124727"
"result.882","No","0.112186909789712"
"result.883","No","0.631951755062327"
"result.884","No","0.330015237277052"
"result.885","No","0.315414753764463"
"result.886","No","0.906178602959961"
"result.887","Yes","0.00456699767057988"
"result.888","No","0.767565299096035"
"result.889","No","0.751531814547914"
"result.890","No","0.942643299725127"
"result.891","No","0.864593024409043"
"result.892","No","0.792874865870806"
"result.893","Yes","0.0486986931573471"
"result.894","No","0.345012502425123"
"result.895","No","0.57583577809956"
"result.896","No","0.731710650351888"
"result.897","No","0.398841043064106"
"result.898","No","0.670402444087084"
"result.899","No","0.490122447626835"
"result.900","No","0.635493084925955"
"result.901","No","0.812895825492266"
"result.902","No","0.167922625774955"
"result.903","No","0.096205875442488"
"result.904","No","0.44352638248579"
"result.905","No","0.3223790899512"
"result.906","No","0.158780562627473"
"result.907","No","0.904618508403427"
"result.908","No","0.0683218233086245"
"result.909","No","0.822187981855274"
"result.910","No","0.651978840393254"
"result.911","No","0.685062032764778"
"result.912","No","0.228405259267353"
"result.913","Yes","0.0300153868577191"
"result.914","No","0.713089467489703"
"result.915","No","0.587969190418954"
"result.916","No","0.823625399317314"
"result.917","No","0.501205157896533"
"result.918","No","0.829036411922544"
"result.919","No","0.790546215771749"
"result.920","No","0.19322296867074"
"result.921","No","0.402190811785711"
"result.922","No","0.562000403165714"
"result.923","No","0.347678744197478"
"result.924","No","0.939395488903581"
"result.925","No","0.420269093362744"
"result.926","Yes","0.0173853518712708"
"result.927","No","0.35346385389832"
"result.928","No","0.778213191354015"
"result.929","No","0.627613735002119"
"result.930","No","0.372579154844841"
"result.931","No","0.481502264385091"
"result.932","No","0.827997272001715"
"result.933","No","0.755146426668386"
"result.934","No","0.933082039494369"
"result.935","No","0.125908000013527"
"result.936","No","0.217044101417483"
"result.937","Yes","0.0495378247128816"
"result.938","No","0.382386293747999"
"result.939","No","0.357724298642666"
"result.940","No","0.869421131711704"
"result.941","No","0.165936652289086"
"result.942","No","0.723793729069702"
"result.943","No","0.407117201673127"
"result.944","No","0.459965568317145"
"result.945","No","0.146980395648293"
"result.946","No","0.291248812269606"
"result.947","No","0.250061017430293"
"result.948","No","0.369703035860137"
"result.949","No","0.467258973825646"
"result.950","No","0.702552959257372"
"result.951","No","0.502791966268938"
"result.952","No","0.672623914458655"
"result.953","No","0.732589714692913"
"result.954","No","0.146344844367071"
"result.955","No","0.425707036679264"
"result.956","No","0.813579084361469"
"result.957","No","0.642194817636439"
"result.958","Yes","0.0179152646679006"
"result.959","No","0.958961089868272"
"result.960","Yes","0.0338269899728597"
"result.961","No","0.49851701453872"
"result.962","No","0.448715663581161"
"result.963","No","0.894277474771262"
"result.964","No","0.664807372047142"
"result.965","No","0.753875390440484"
"result.966","No","0.171758232981898"
"result.967","No","0.593100320055474"
"result.968","No","0.393877271609602"
"result.969","No","0.946721679034252"
"result.970","No","0.26417835773636"
"result.971","No","0.901710100484311"
"result.972","No","0.848439711266238"
"result.973","No","0.424758686844697"
"result.974","No","0.502434648032614"
"result.975","No","0.894468710179099"
"result.976","No","0.106720257002102"
"result.977","No","0.809205871526078"
"result.978","No","0.46841445111215"
"result.979","No","0.336397320948735"
"result.980","No","0.217431150010445"
"result.981","No","0.751816494941124"
"result.982","No","0.242832636569783"
"result.983","No","0.285511394099085"
"result.984","No","0.236552265301689"
"result.985","No","0.307394511201794"
"result.986","No","0.769290731565529"
"result.987","No","0.743494100474868"
"result.988","Yes","0.0169335689028476"
"result.989","No","0.358990252058612"
"result.990","No","0.338842286287708"
"result.991","No","0.303399337007627"
"result.992","No","0.904147232724581"
"result.993","No","0.684426309303286"
"result.994","No","0.527257190657287"
"result.995","No","0.376286628176322"
"result.996","No","0.660023576815946"
"result.997","No","0.864994116379749"
"result.998","No","0.65171023896284"
"result.999","No","0.230192514810318"
"result.1000","No","0.2668742055628"
"result.1001","No","0.208597425055125"
"result.1002","No","0.474138134121975"
"result.1003","No","0.903951048886621"
"result.1004","No","0.985759496312784"
"result.1005","No","0.817524025694632"
"result.1006","No","0.788245122138403"
"result.1007","No","0.227745275765092"
"result.1008","No","0.92830522769054"
"result.1009","No","0.644071114669047"
"result.1010","No","0.364372605641564"
"result.1011","No","0.596182705089361"
"result.1012","No","0.256495068057047"
"result.1013","No","0.725969549282242"
"result.1014","No","0.359076985878702"
"result.1015","No","0.885334865268296"
"result.1016","No","0.571926874689263"
"result.1017","No","0.245919235160411"
"result.1018","Yes","0.0324158128414126"
"result.1019","No","0.0756731615191786"
"result.1020","No","0.947338706623408"
"result.1021","No","0.80801929602601"
"result.1022","No","0.135028811586861"
"result.1023","No","0.130252831348018"
"result.1024","No","0.570531149333499"
"result.1025","No","0.353251581901171"
"result.1026","No","0.298834516693034"
"result.1027","No","0.794598532886188"
"result.1028","No","0.528684364274954"
"result.1029","No","0.965471683303259"
"result.1030","No","0.139484712916736"
"result.1031","No","0.313433465699004"
"result.1032","No","0.154721879449219"
"result.1033","No","0.756056552314948"
"result.1034","No","0.939308640444235"
"result.1035","No","0.241870613900555"
"result.1036","No","0.497413864335469"
"result.1037","No","0.725622698906383"
"result.1038","No","0.0763252792062223"
"result.1039","No","0.18638304346796"
"result.1040","No","0.470407532610249"
"result.1041","No","0.19045542311822"
"result.1042","No","0.787067926605507"
"result.1043","No","0.875784301885983"
"result.1044","No","0.850966929430817"
"result.1045","No","0.849681555781591"
"result.1046","No","0.623592803032551"
"result.1047","No","0.206924745504888"
"result.1048","No","0.367317502030574"
"result.1049","No","0.182361223355885"
"result.1050","No","0.513400168620306"
"result.1051","No","0.639611111748127"
"result.1052","No","0.217724787692336"
"result.1053","No","0.282371792974663"
"result.1054","No","0.995760488614725"
"result.1055","No","0.38556005554491"
"result.1056","No","0.334865439599079"
"result.1057","No","0.690593179684469"
"result.1058","No","0.334045926755588"
"result.1059","No","0.122711505201683"
"result.1060","No","0.0746226241356679"
"result.1061","No","0.969382063365621"
"result.1062","No","0.225187538916225"
"result.1063","No","0.389420471657324"
"result.1064","No","0.5282554467748"
"result.1065","No","0.961229211703003"
"result.1066","No","0.267749676494593"
"result.1067","No","0.750415044935738"
"result.1068","Yes","0.0139676028404975"
"result.1069","No","0.785126332232768"
"result.1070","No","0.202653958254733"
"result.1071","No","0.993876936255584"
"result.1072","No","0.462135531520671"
"result.1073","No","0.650101264439114"
"result.1074","No","0.465665460636955"
"result.1075","No","0.0519788347826335"
"result.1076","No","0.983359851709986"
"result.1077","No","0.311210265656008"
"result.1078","No","0.34027242286094"
"result.1079","No","0.278174356060854"
"result.1080","No","0.787069169467489"
"result.1081","No","0.963519533193259"
"result.1082","No","0.225805110230867"
"result.1083","Yes","0.0208553948419815"
"result.1084","No","0.288277470009974"
"result.1085","No","0.963668830523367"
"result.1086","No","0.971178639069765"
"result.1087","No","0.488019564232717"
"result.1088","No","0.48248115147348"
"result.1089","No","0.0793316200287897"
"result.1090","No","0.918790226701004"
"result.1091","No","0.243689462019526"
"result.1092","No","0.789374192290735"
"result.1093","No","0.15403669586822"
"result.1094","No","0.91062473825726"
"result.1095","No","0.169726100086388"
"result.1096","No","0.67996252066642"
"result.1097","No","0.249495664007977"
"result.1098","No","0.532545093974984"
"result.1099","No","0.919810071894001"
"result.1100","No","0.372769262313161"
"result.1101","No","0.687683423955631"
"result.1102","No","0.576737255564889"
"result.1103","No","0.485294097482171"
"result.1104","No","0.268369541709664"
"result.1105","No","0.82805554107642"
"result.1106","No","0.24245044470764"
"result.1107","No","0.507716723063905"
"result.1108","No","0.357985384098378"
"result.1109","No","0.0919124577505098"
"result.1110","No","0.713789472926571"
"result.1111","No","0.550043122158169"
"result.1112","No","0.785505891488457"
"result.1113","No","0.402074497850627"
"result.1114","No","0.967814908572438"
"result.1115","No","0.60603568451282"
"result.1116","No","0.414830666458893"
"result.1117","No","0.490805055045824"
"result.1118","No","0.189725710773793"
"result.1119","No","0.272286484317137"
"result.1120","No","0.504817655458584"
"result.1121","No","0.937667124135401"
"result.1122","No","0.717351504013571"
"result.1123","No","0.666213985889164"
"result.1124","No","0.34690500466421"
"result.1125","No","0.718413211943807"
"result.1126","No","0.323915728494426"
"result.1127","No","0.435491003223481"
"result.1128","No","0.898933733230133"
"result.1129","No","0.920737131696138"
"result.1130","No","0.903245586930141"
"result.1131","No","0.91893453426276"
"result.1132","No","0.11894524904036"
"result.1133","No","0.651842457372429"
"result.1134","No","0.452576240003243"
"result.1135","No","0.466244866154788"
"result.1136","No","0.278584523700969"
"result.1137","Yes","0.0229428823883099"
"result.1138","No","0.258001284417327"
"result.1139","No","0.250649340642888"
"result.1140","Yes","0.0397366800783163"
"result.1141","No","0.333304582877227"
"result.1142","Yes","0.0228246260043544"
"result.1143","No","0.648684662634305"
"result.1144","No","0.300157527150618"
"result.1145","No","0.966695368849825"
"result.1146","No","0.775837967711262"
"result.1147","No","0.503545509609807"
"result.1148","No","0.272486554667828"
"result.1149","No","0.889051021721075"
"result.1150","No","0.354362377436529"
"result.1151","No","0.447225318636117"
"result.1152","No","0.0553580629898126"
"result.1153","No","0.487596976554239"
"result.1154","No","0.994966056115849"
"result.1155","No","0.717202497110844"
"result.1156","Yes","0.0131896711729503"
"result.1157","No","0.831119001100416"
"result.1158","No","0.410543479628475"
"result.1159","No","0.866206049821296"
"result.1160","No","0.894668610037739"
"result.1161","No","0.700182603600136"
"result.1162","No","0.840236900303604"
"result.1163","No","0.422955698466605"
"result.1164","No","0.951419756991209"
"result.1165","No","0.106537232398935"
"result.1166","No","0.478779425092074"
"result.1167","No","0.516351774600243"
"result.1168","No","0.126808004189204"
"result.1169","No","0.596353684087828"
"result.1170","No","0.536246232756171"
"result.1171","No","0.955049565905403"
"result.1172","No","0.422077614786055"
"result.1173","No","0.444897527921652"
"result.1174","No","0.08710169306602"
"result.1175","No","0.397667359321942"
"result.1176","No","0.906403810066441"
"result.1177","No","0.792754508572006"
"result.1178","No","0.65468767035417"
"result.1179","No","0.86560005257551"
"result.1180","No","0.0838397236614404"
"result.1181","No","0.846647276404169"
"result.1182","No","0.0573207103744524"
"result.1183","No","0.190347495193593"
"result.1184","No","0.373049226603661"
"result.1185","No","0.955804508220872"
"result.1186","No","0.690332471613999"
"result.1187","No","0.788263595679827"
"result.1188","No","0.828772333118097"
"result.1189","No","0.807176552217806"
"result.1190","No","0.743046516251774"
"result.1191","No","0.261398180750266"
"result.1192","No","0.779879739301925"
"result.1193","No","0.631535221043066"
"result.1194","No","0.297765630505787"
"result.1195","No","0.481246402980801"
"result.1196","No","0.312215903405467"
"result.1197","No","0.749969760005639"
"result.1198","No","0.642422239704346"
"result.1199","No","0.6444694928012"
"result.1200","No","0.919684121109958"
"result.1201","No","0.2973516921356"
"result.1202","Yes","0.0227043877058376"
"result.1203","No","0.243823516161557"
"result.1204","No","0.415211486137301"
"result.1205","No","0.915732733510189"
"result.1206","No","0.289540196667738"
"result.1207","No","0.220856840670615"
"result.1208","No","0.826976733644851"
"result.1209","No","0.96497676638732"
"result.1210","No","0.88334163753783"
"result.1211","No","0.823096737941444"
"result.1212","No","0.833880009507615"
"result.1213","No","0.531658457750612"
"result.1214","Yes","0.00446463876519901"
"result.1215","No","0.774943598232999"
"result.1216","No","0.793604393319518"
"result.1217","No","0.469052594280331"
"result.1218","No","0.106758470048997"
"result.1219","No","0.847074972815248"
"result.1220","No","0.0770240001124443"
"result.1221","No","0.916248099441064"
"result.1222","No","0.368100987423982"
"result.1223","No","0.681188127408964"
"result.1224","No","0.339868206177439"
"result.1225","No","0.374160850983174"
"result.1226","Yes","0.0140435188087531"
"result.1227","No","0.078701255281863"
"result.1228","No","0.993962169059673"
"result.1229","No","0.206441409562678"
"result.1230","No","0.949709822280946"
"result.1231","No","0.552039050606458"
"result.1232","No","0.396692138475999"
"result.1233","No","0.447655998357304"
"result.1234","No","0.332353267203949"
"result.1235","No","0.441500660614517"
"result.1236","No","0.751765329567911"
"result.1237","No","0.276429468975048"
"result.1238","No","0.89533379216683"
"result.1239","No","0.720938471897549"
"result.1240","No","0.599637554854669"
"result.1241","No","0.69042516462639"
"result.1242","No","0.681112351276095"
"result.1243","No","0.797877701203016"
"result.1244","No","0.800754560566581"
"result.1245","No","0.0736158120002467"
"result.1246","No","0.0539894224348832"
"result.1247","No","0.320842004893908"
"result.1248","No","0.342727838237497"
"result.1249","No","0.54989440615423"
"result.1250","No","0.29744164138447"
"result.1251","No","0.865428393544551"
"result.1252","No","0.99541594297559"
"result.1253","No","0.21089020510062"
"result.1254","No","0.808952844757242"
"result.1255","No","0.765262369466118"
"result.1256","No","0.64141465595812"
"result.1257","No","0.64488838699479"
"result.1258","No","0.547543752068814"
"result.1259","No","0.129079906585086"
"result.1260","No","0.0688227639956895"
"result.1261","No","0.879227692247319"
"result.1262","Yes","0.0211921400449189"
"result.1263","No","0.541758512600922"
"result.1264","No","0.722612263916471"
"result.1265","No","0.733106295626967"
"result.1266","No","0.689766806352873"
"result.1267","No","0.63102963261167"
"result.1268","No","0.998584637061984"
"result.1269","No","0.866214847777643"
"result.1270","No","0.79044376839397"
"result.1271","No","0.285318295120868"
"result.1272","No","0.583930397339515"
"result.1273","No","0.882114250432212"
"result.1274","No","0.423435015370821"
"result.1275","No","0.0519634977501991"
"result.1276","No","0.645026697658889"
"result.1277","No","0.65367867653482"
"result.1278","No","0.263768630050731"
"result.1279","No","0.70501686697602"
"result.1280","No","0.767420834171757"
"result.1281","No","0.762214182781212"
"result.1282","No","0.806302234191289"
"result.1283","No","0.823066305639399"
"result.1284","No","0.593712194151355"
"result.1285","No","0.757389405119696"
"result.1286","No","0.594061664152299"
"result.1287","No","0.168750877916345"
"result.1288","No","0.194131276475643"
"result.1289","No","0.698904638371601"
"result.1290","No","0.577589099764738"
"result.1291","No","0.541732302541433"
"result.1292","No","0.165002923909478"
"result.1293","No","0.392223039800866"
"result.1294","No","0.886230146040679"
"result.1295","No","0.739347724839229"
"result.1296","No","0.886981165348965"
"result.1297","No","0.510698462144328"
"result.1298","No","0.37727781184782"
"result.1299","No","0.475964907865317"
"result.1300","No","0.887525478864348"
"result.1301","No","0.366147617008143"
"result.1302","No","0.843094984245583"
"result.1303","No","0.47960264451566"
"result.1304","No","0.235921958401976"
"result.1305","No","0.162430256303731"
"result.1306","No","0.762046073520807"
"result.1307","No","0.944170634444855"
"result.1308","No","0.476370136015232"
"result.1309","No","0.227505434035672"
"result.1310","No","0.150420628030244"
"result.1311","No","0.344908314294904"
"result.1312","No","0.94458689832023"
"result.1313","No","0.18513065999867"
"result.1314","No","0.89575715657398"
"result.1315","No","0.648170329633634"
"result.1316","No","0.133532873912113"
"result.1317","No","0.469615922003253"
"result.1318","Yes","0.0128225157653188"
"result.1319","No","0.065649852786172"
"result.1320","No","0.897698044106248"
"result.1321","No","0.565438852389319"
"result.1322","No","0.227449310221525"
"result.1323","No","0.914433651008064"
"result.1324","No","0.382969600994382"
"result.1325","No","0.70010899388806"
"result.1326","No","0.249759089336545"
"result.1327","No","0.876199443282781"
"result.1328","No","0.454912911272147"
"result.1329","No","0.0937988818807036"
"result.1330","No","0.410985159074597"
"result.1331","No","0.314469743826274"
"result.1332","No","0.235837922702057"
"result.1333","No","0.504877209700665"
"result.1334","No","0.640014364723296"
"result.1335","No","0.364921013238844"
"result.1336","No","0.668796252966967"
"result.1337","No","0.678403205871944"
"result.1338","No","0.296676441941723"
"result.1339","No","0.224096563576127"
"result.1340","No","0.752435533836878"
"result.1341","No","0.0512601090804422"
"result.1342","No","0.129819590555499"
"result.1343","No","0.161002518623576"
"result.1344","Yes","0.034834038168764"
"result.1345","No","0.301894126712289"
"result.1346","No","0.284728432552302"
"result.1347","No","0.850859281479009"
"result.1348","No","0.511427423953254"
"result.1349","No","0.238452399691574"
"result.1350","No","0.415893676772261"
"result.1351","No","0.223015648703704"
"result.1352","No","0.152961999118187"
"result.1353","No","0.267111484794662"
"result.1354","No","0.56181285720249"
"result.1355","No","0.773691621635069"
"result.1356","No","0.994795540128013"
"result.1357","No","0.300014072944773"
"result.1358","No","0.111167904067613"
"result.1359","No","0.0716938904908434"
"result.1360","No","0.148514219093817"
"result.1361","No","0.132072257894685"
"result.1362","No","0.683962608255055"
"result.1363","No","0.388497985952668"
"result.1364","No","0.41586970536562"
"result.1365","No","0.848732354812696"
"result.1366","No","0.663825354063745"
"result.1367","No","0.337899027145237"
"result.1368","No","0.0504314970728781"
"result.1369","No","0.171653701897097"
"result.1370","No","0.83271423846707"
"result.1371","No","0.158101245604271"
"result.1372","No","0.940339288036448"
"result.1373","No","0.267085270931521"
"result.1374","No","0.14546970125244"
"result.1375","No","0.786245275343692"
"result.1376","No","0.0838704474114765"
"result.1377","No","0.0965057585656693"
"result.1378","No","0.999705538569236"
"result.1379","No","0.103278061469361"
"result.1380","No","0.320778054193567"
"result.1381","No","0.684034990527932"
"result.1382","No","0.214592227682507"
"result.1383","No","0.58092461179757"
"result.1384","No","0.888049345278764"
"result.1385","No","0.297730429938299"
"result.1386","No","0.681345507313121"
"result.1387","No","1"
"result.1388","No","0.457275923960479"
"result.1389","No","0.930648285950751"
"result.1390","No","0.103018368791851"
"result.1391","No","0.884172970837835"
"result.1392","No","0.559065611869852"
"result.1393","No","0.824916900077325"
"result.1394","No","0.964419514367227"
"result.1395","No","0.786179474231733"
"result.1396","No","0.185202193135222"
"result.1397","No","0.872841211822401"
"result.1398","No","0.351348658243312"
"result.1399","No","0.151214976207771"
"result.1400","No","0.684499575700329"
"result.1401","No","0.830884221175234"
"result.1402","No","0.427046942428929"
"result.1403","No","0.854659915213325"
"result.1404","No","0.12367085089405"
"result.1405","No","0.353297541440246"
"result.1406","No","0.204120462303586"
"result.1407","No","0.917923298894004"
"result.1408","No","0.449243717505787"
"result.1409","No","0.910035313186551"
"result.1410","No","0.540995909801432"
"result.1411","No","0.424025652864163"
"result.1412","No","0.0502932553181045"
"result.1413","No","0.552557409753059"
"result.1414","No","0.0519526508048287"
"result.1415","No","0.248195074179881"
"result.1416","No","0.51781603838886"
"result.1417","Yes","0.00611084541581853"
"result.1418","No","0.348231138118468"
"result.1419","No","0.439238186775502"
"result.1420","No","0.0742517726523623"
"result.1421","No","0.6245374086132"
"result.1422","No","0.831844167405682"
"result.1423","Yes","0.0206003128942758"
"result.1424","No","0.214857731640972"
"result.1425","No","0.344846040061172"
"result.1426","No","0.406535305188383"
"result.1427","No","0.82737339433589"
"result.1428","No","0.981078416848105"
"result.1429","No","0.486406324140749"
"result.1430","No","0.169326015377177"
"result.1431","No","0.979300417778552"
"result.1432","No","0.890353577794608"
"result.1433","No","0.238723906259099"
"result.1434","No","0.87128906141057"
"result.1435","No","0.885704751220276"
"result.1436","No","0.512118559483854"
"result.1437","No","0.421967677078049"
"result.1438","No","0.439861996748496"
"result.1439","No","0.812600652105286"
"result.1440","No","0.155779353568001"
"result.1441","Yes","0.0213864826476924"
"result.1442","No","0.603995861674737"
"result.1443","No","0.14451392735719"
"result.1444","No","0.193823686240637"
"result.1445","No","0.911323425505654"
"result.1446","No","0.539862431718181"
"result.1447","No","0.496654314140915"
"result.1448","No","0.235897525696213"
"result.1449","No","0.60928269612208"
"result.1450","No","0.306138848743907"
"result.1451","No","0.2701941544262"
"result.1452","No","0.382747043713642"
"result.1453","No","0.843008965553562"
"result.1454","No","0.995840548738306"
"result.1455","Yes","0.0497474161304296"
"result.1456","No","0.761480541502222"
"result.1457","No","0.704120470986427"
"result.1458","No","0.938532687593806"
"result.1459","No","0.794159118751842"
"result.1460","No","0.0593356365729863"
"result.1461","No","0.711112082630161"
"result.1462","No","0.133474840524483"
"result.1463","No","0.173002575296591"
"result.1464","No","0.0726268927954042"
"result.1465","No","0.937595657834139"
"result.1466","No","0.109495354255413"
"result.1467","No","0.0518584782198159"
"result.1468","No","0.821913122151374"
"result.1469","No","0.278839913775161"
"result.1470","Yes","0.0451935839268522"
"result.1471","No","0.889442502513903"
"result.1472","No","0.328007915421328"
"result.1473","No","0.829932309704808"
"result.1474","No","0.791903344562899"
"result.1475","No","0.165602183780311"
"result.1476","No","0.454162852822214"
"result.1477","No","0.652125240530658"
"result.1478","No","0.165232758867931"
"result.1479","No","0.340459463890994"
"result.1480","No","0.482436645783447"
"result.1481","No","0.149574764523152"
"result.1482","No","0.513414461949287"
"result.1483","No","0.0577525692832095"
"result.1484","No","0.586311060642039"
"result.1485","No","0.852105153289074"
"result.1486","No","0.311661216001449"
"result.1487","No","0.506580126686754"
"result.1488","No","0.5183655324451"
"result.1489","No","0.806629434711697"
"result.1490","Yes","0.0292259193373017"
"result.1491","Yes","0.0129153153114888"
"result.1492","No","0.418260903774916"
"result.1493","No","0.377249524013022"
"result.1494","No","0.103547669287938"
"result.1495","No","0.188082579306203"
"result.1496","No","0.447889105291415"
"result.1497","No","0.103739338022272"
"result.1498","No","0.0607090313909541"
"result.1499","No","0.338554694601711"
"result.1500","No","0.20452265796554"
"result.1501","No","0.584748015991432"
"result.1502","No","0.188571461529555"
"result.1503","No","0.737726583803833"
"result.1504","No","0.259265897949124"
"result.1505","No","0.699028237246884"
"result.1506","No","0.352213750506273"
"result.1507","No","0.510467775084459"
"result.1508","No","0.518937120469776"
"result.1509","No","0.727272259635023"
"result.1510","No","0.271820778360134"
"result.1511","No","0.466714705837984"
"result.1512","No","0.17973440804426"
"result.1513","No","0.147150525777348"
"result.1514","No","0.133021863416499"
"result.1515","No","0.323776386133958"
"result.1516","No","0.617560740463726"
"result.1517","No","0.990423878805009"
"result.1518","No","0.632097006139796"
"result.1519","No","0.941552779695586"
"result.1520","No","0.721462638550661"
"result.1521","No","0.836823578075116"
"result.1522","No","0.643712547206663"
"result.1523","No","0.467999597718227"
"result.1524","No","0.256074633658181"
"result.1525","No","0.912394543072698"
"result.1526","No","0.221354039446423"
"result.1527","No","0.106559883439555"
"result.1528","No","0.864642456643955"
"result.1529","No","0.890530908349638"
"result.1530","No","0.210910689350329"
"result.1531","No","0.922723919386271"
"result.1532","No","0.67967608019902"
"result.1533","No","0.844890877597547"
"result.1534","No","0.623440909136397"
"result.1535","Yes","0.0349722888341063"
"result.1536","No","0.440806966239427"
"result.1537","No","0.632604037827977"
"result.1538","No","0.427638828368154"
"result.1539","No","0.254461689406487"
"result.1540","No","0.696863081742527"
"result.1541","No","0.801589010513326"
"result.1542","No","0.176878574623422"
"result.1543","No","0.744532960497268"
"result.1544","No","0.668600804219564"
"result.1545","No","0.146173858016501"
"result.1546","No","0.174147750861107"
"result.1547","No","0.938705094171977"
"result.1548","Yes","0.0471865059458263"
"result.1549","No","0.41046992147648"
"result.1550","No","0.924182568664407"
"result.1551","No","0.37840520606384"
"result.1552","No","0.0944917380242012"
"result.1553","No","0.525740683164257"
"result.1554","No","0.326882939317732"
"result.1555","No","0.206220351191235"
"result.1556","No","0.78858645178376"
"result.1557","No","0.0820673796434235"
"result.1558","No","0.800566659107744"
"result.1559","No","0.982106936540857"
"result.1560","No","0.0622313613012815"
"result.1561","No","0.153057617927341"
"result.1562","No","0.959660646687373"
"result.1563","No","0.381218461443402"
"result.1564","No","0.0824447652639646"
"result.1565","No","0.347637890395753"
"result.1566","No","0.0761081001608545"
"result.1567","No","0.465233182902933"
"result.1568","No","0.170780317260035"
"result.1569","No","0.588329241656029"
"result.1570","No","0.147750100031979"
"result.1571","No","0.874926162375105"
"result.1572","No","0.158743664783439"
"result.1573","No","0.149355312221962"
"result.1574","No","0.640600754579576"
"result.1575","No","0.592764381921077"
"result.1576","No","0.746584180135211"
"result.1577","No","0.355858382026622"
"result.1578","No","0.293503445525803"
"result.1579","No","0.534332485628964"
"result.1580","No","0.613752565080284"
"result.1581","No","0.23890708183194"
"result.1582","No","0.904652100225268"
"result.1583","No","0.492000106259417"
"result.1584","No","0.899097316251084"
"result.1585","No","0.805463353553646"
"result.1586","No","0.846251765211137"
"result.1587","No","0.0766624717929315"
"result.1588","No","0.0744392329295419"
"result.1589","No","0.333631723102098"
"result.1590","No","0.307750477119003"
"result.1591","No","0.570830131435864"
"result.1592","No","0.38765507924327"
"result.1593","No","0.142956127131736"
"result.1594","No","0.33168147453379"
"result.1595","No","0.963646029837247"
"result.1596","No","0.743675197718935"
"result.1597","Yes","0.0113980184328879"
"result.1598","No","0.193050086406763"
"result.1599","No","0.113758028426747"
"result.1600","No","0.593843830728788"
"result.1601","No","0.838750467291057"
"result.1602","No","0.482772934696638"
"result.1603","No","0.965000276940912"
"result.1604","No","0.443188910471665"
"result.1605","No","0.675519843173858"
"result.1606","No","0.832338868644062"
"result.1607","No","0.553939328421032"
"result.1608","No","0.0704098514736112"
"result.1609","Yes","0.0410589834929881"
"result.1610","Yes","0.0464026979715513"
"result.1611","No","0.530247173853464"
"result.1612","No","0.924493245041948"
"result.1613","No","0.853848319830579"
"result.1614","No","0.821292489009671"
"result.1615","No","0.807707845526466"
"result.1616","No","0.758986247965706"
"result.1617","No","0.426528241950466"
"result.1618","No","0.37674727630047"
"result.1619","No","0.0938835745136325"
"result.1620","No","0.368204895381368"
"result.1621","No","0.509773742763677"
"result.1622","No","0.308764132761354"
"result.1623","Yes","0.047976387088755"
"result.1624","No","0.20946310415254"
"result.1625","Yes","0.0475987702915837"
"result.1626","Yes","0.0470564030603873"
"result.1627","No","0.0987055811195898"
"result.1628","No","0.27176732710605"
"result.1629","No","0.938387394521341"
"result.1630","No","0.140406640704216"
"result.1631","No","0.992733434548476"
"result.1632","No","0.321411126770014"
"result.1633","No","0.813148660660005"
"result.1634","No","0.498051329301998"
"result.1635","No","0.500213896916509"
"result.1636","No","0.476391260224654"
"result.1637","No","0.530988262114383"
"result.1638","No","0.527635253382749"
"result.1639","No","0.664370814327757"
"result.1640","No","0.647612889539762"
"result.1641","No","0.292561620926668"
"result.1642","No","0.515562627517555"
"result.1643","No","0.190098504353366"
"result.1644","No","0.080315216068013"
"result.1645","No","0.261605013424783"
"result.1646","No","0.692003949925327"
"result.1647","No","0.178437824932681"
"result.1648","No","0.573825011530167"
"result.1649","No","0.732962219688626"
"result.1650","No","0.0768347520001653"
"result.1651","No","0.122513073106766"
"result.1652","No","0.29868057483884"
"result.1653","No","0.751904248148021"
"result.1654","No","0.324343956168233"
"result.1655","No","0.526815535980515"
"result.1656","No","0.384955487392029"
"result.1657","No","0.295029110164822"
"result.1658","No","0.91999873389192"
"result.1659","No","0.744061937359773"
"result.1660","No","0.26866100958775"
"result.1661","No","0.981342429307609"
"result.1662","No","0.873021600301082"
"result.1663","No","0.754257811485767"
"result.1664","No","0.571073997534308"
"result.1665","No","0.466365947309236"
"result.1666","No","0.356558700319148"
"result.1667","No","0.139888609481726"
"result.1668","No","0.858489674500127"
"result.1669","Yes","0.0360608867164248"
"result.1670","No","0.810396367917389"
"result.1671","No","0.399924285427202"
"result.1672","No","0.562798064995508"
"result.1673","No","0.90330367549331"
"result.1674","No","0.114416328589424"
"result.1675","No","0.289776137418767"
"result.1676","No","0.10507377891559"
"result.1677","No","0.724957301230484"
"result.1678","No","0.819508674758922"
"result.1679","No","0.652257873284503"
"result.1680","Yes","0.0313478997635847"
"result.1681","No","0.462406175034382"
"result.1682","No","0.221270363801656"
"result.1683","Yes","0.0380544504281043"
"result.1684","No","0.199706578656936"
"result.1685","No","0.623730249610048"
"result.1686","Yes","0.000247863135189898"
"result.1687","Yes","0.0376410157488119"
"result.1688","No","0.743022466279223"
"result.1689","No","0.246361891814443"
"result.1690","No","0.789731385466429"
"result.1691","No","0.984884973944917"
"result.1692","No","0.913176370478839"
"result.1693","No","0.0628492845940091"
"result.1694","No","0.505368130857841"
"result.1695","No","0.103108968323682"
"result.1696","No","0.208867869700216"
"result.1697","No","0.0958486497691506"
"result.1698","No","0.400176247759079"
"result.1699","No","0.557367226708832"
"result.1700","No","0.833287407750121"
"result.1701","No","0.0635435861290474"
"result.1702","No","0.615661372010831"
"result.1703","No","0.412646794794128"
"result.1704","No","0.570772876581687"
"result.1705","Yes","0.00615930403900615"
"result.1706","No","0.746405868122622"
"result.1707","No","0.544034331808385"
"result.1708","No","0.390490732546454"
"result.1709","No","0.204113731672805"
"result.1710","No","0.615573017850391"
"result.1711","No","0.191290050581983"
"result.1712","No","0.427373720306116"
"result.1713","No","0.469641754070729"
"result.1714","No","0.176315973954614"
"result.1715","No","0.956109810613756"
"result.1716","No","0.393649324817758"
"result.1717","No","0.819608419542518"
"result.1718","No","0.954925724147966"
"result.1719","No","0.942372169120667"
"result.1720","No","0.365891877979797"
"result.1721","No","0.339604355796349"
"result.1722","Yes","0.0359676804012854"
"result.1723","No","0.331367371253867"
"result.1724","No","0.617991949115783"
"result.1725","No","0.491990874422803"
"result.1726","No","0.463868620667277"
"result.1727","No","0.619945878505599"
"result.1728","Yes","0.0187801288206814"
"result.1729","No","0.10727295212881"
"result.1730","Yes","0.0266354320168823"
"result.1731","No","0.953252925541008"
"result.1732","No","0.172002463828638"
"result.1733","No","0.0919753345967058"
"result.1734","No","0.864487329923374"
"result.1735","No","0.988374515070716"
"result.1736","Yes","0.00219026068271586"
"result.1737","No","0.0630159511475958"
"result.1738","Yes","0.0439447151705007"
"result.1739","Yes","0.00747243634995256"
"result.1740","No","0.495545783912676"
"result.1741","No","0.332561989397884"
"result.1742","No","0.973098245792671"
"result.1743","No","0.472130184759255"
"result.1744","No","0.678864710535454"
"result.1745","No","0.67758644806775"
"result.1746","No","0.483673683399326"
"result.1747","No","0.259924035592418"
"result.1748","No","0.384368319548438"
"result.1749","No","0.324962159845773"
"result.1750","No","0.141793083706792"
"result.1751","No","0.78084028059007"
"result.1752","No","0.578602255594744"
"result.1753","No","0.599974431668212"
"result.1754","No","0.685218999317427"
"result.1755","No","0.726811943230468"
"result.1756","No","0.485651524320857"
"result.1757","No","0.888386340575944"
"result.1758","No","0.181602929295513"
"result.1759","No","0.677319762108141"
"result.1760","No","0.64751423088402"
"result.1761","No","0.873088224035806"
"result.1762","No","0.110159896173531"
"result.1763","No","0.142750174956378"
"result.1764","No","0.795616098762194"
"result.1765","No","0.297922101625799"
"result.1766","No","0.213929257788331"
"result.1767","No","0.60122914169925"
"result.1768","No","0.486154099070246"
"result.1769","No","0.451150997420382"
"result.1770","No","0.206836673323104"
"result.1771","No","0.604787489523437"
"result.1772","No","0.654802690936727"
"result.1773","Yes","0.0469915729406003"
"result.1774","No","0.525853132902044"
"result.1775","No","0.220935461353866"
"result.1776","No","0.294047061941307"
"result.1777","No","0.863966474735916"
"result.1778","No","0.918948628045403"
"result.1779","No","0.159980725754008"
"result.1780","No","0.815378383156421"
"result.1781","No","0.41096178464498"
"result.1782","No","0.667202682694004"
"result.1783","No","0.661976208798062"
"result.1784","No","0.0806801415317268"
"result.1785","No","0.240861303709466"
"result.1786","No","0.614493306636134"
"result.1787","No","0.862183222263138"
"result.1788","No","0.399102735586276"
"result.1789","No","0.11395827171155"
"result.1790","No","0.739734835241589"
"result.1791","No","0.937743470022495"
"result.1792","No","0.415763195983185"
"result.1793","No","0.149107043059294"
"result.1794","No","0.400780849670573"
"result.1795","No","0.102702928553931"
"result.1796","No","0.561342991775729"
"result.1797","No","0.493500475414309"
"result.1798","Yes","0.00813222731286894"
"result.1799","Yes","0.0102356944888131"
"result.1800","No","0.982289794594492"
"result.1801","No","0.716837489884944"
"result.1802","No","0.772480699311432"
"result.1803","No","0.813854085755644"
"result.1804","No","0.12850352345348"
"result.1805","No","0.89598387553417"
"result.1806","No","0.926010305409778"
"result.1807","No","0.198791825699544"
"result.1808","Yes","0.0370405544402921"
"result.1809","Yes","0.0117026010454565"
"result.1810","No","0.241121148488566"
"result.1811","No","0.819833861222218"
"result.1812","No","0.978388200685566"
"result.1813","No","0.105376802583866"
"result.1814","No","0.0695725234969221"
"result.1815","No","0.518208497562389"
"result.1816","No","0.0872159509828207"
"result.1817","No","0.101786919594415"
"result.1818","No","0.980367336462369"
"result.1819","No","0.5935878172056"
"result.1820","No","0.492536782521789"
"result.1821","No","0.488801030429317"
"result.1822","No","0.959157751479374"
"result.1823","Yes","0.0396864152137896"
"result.1824","No","0.683848588618627"
"result.1825","No","0.262896451982816"
"result.1826","No","0.76334796343431"
"result.1827","No","0.357140058528815"
"result.1828","No","0.734703559545405"
"result.1829","No","0.777871187488239"
"result.1830","No","0.103742715957876"
"result.1831","No","0.105551422696988"
"result.1832","No","0.831035899212572"
"result.1833","No","0.157865063568914"
"result.1834","No","0.177543795993489"
"result.1835","No","0.809092464626072"
"result.1836","Yes","0.027805275173077"
"result.1837","No","0.427247756658614"
"result.1838","No","0.365793107601857"
"result.1839","No","0.313360189765316"
"result.1840","No","0.154324533137194"
"result.1841","No","0.127259896028334"
"result.1842","No","0.518597767747052"
"result.1843","No","0.841208532297115"
"result.1844","No","0.859762828248488"
"result.1845","No","0.698975559192855"
"result.1846","No","0.147917303759479"
"result.1847","No","0.696422998583793"
"result.1848","No","0.44091715622962"
"result.1849","No","0.993327447161819"
"result.1850","No","0.230898758855971"
"result.1851","No","0.971256186680953"
"result.1852","No","0.739846213372783"
"result.1853","No","0.938921654426064"
"result.1854","No","0.198234871189533"
"result.1855","Yes","0.0180348539788955"
"result.1856","No","0.633606813388251"
"result.1857","No","0.595738111792052"
"result.1858","No","0.721007786338717"
"result.1859","No","0.0523943556830939"
"result.1860","No","0.862010516661216"
"result.1861","No","0.776563583628679"
"result.1862","No","0.419484896708669"
"result.1863","No","0.564467798868845"
"result.1864","No","0.397651595477338"
"result.1865","No","0.328392256177651"
"result.1866","No","0.0738261867861062"
"result.1867","No","0.440750365776831"
"result.1868","No","0.39786706866595"
"result.1869","No","0.979833109809425"
"result.1870","No","0.147698530825824"
"result.1871","No","0.948055640591646"
"result.1872","Yes","0.0349195520099997"
"result.1873","No","0.270038495419635"
"result.1874","No","0.0774452287094699"
"result.1875","No","0.174413706119467"
"result.1876","No","0.354749191580155"
"result.1877","No","0.203730331429637"
"result.1878","No","0.745433230074581"
"result.1879","No","0.358415349478643"
"result.1880","No","0.598905655888184"
"result.1881","No","0.685003062666518"
"result.1882","No","0.934432475955823"
"result.1883","No","0.318315977191466"
"result.1884","No","0.934631383225507"
"result.1885","No","0.313022548869487"
"result.1886","No","0.373830177880401"
"result.1887","No","0.865902001118852"
"result.1888","No","0.814705206781077"
"result.1889","No","0.646199410743644"
"result.1890","Yes","0.031078781747855"
"result.1891","No","0.435087572402138"
"result.1892","No","0.6757348515698"
"result.1893","No","0.862611841775717"
"result.1894","No","0.95444702570635"
"result.1895","No","0.501153661013839"
"result.1896","No","0.600580661645107"
"result.1897","No","0.84723726779146"
"result.1898","No","0.875633335215344"
"result.1899","No","0.0510564461024407"
"result.1900","No","0.972362532215128"
"result.1901","No","0.657800977748897"
"result.1902","No","0.655577186483615"
"result.1903","No","0.887807552315067"
"result.1904","No","0.832275623513369"
"result.1905","No","0.272329278978739"
"result.1906","No","0.790849613177665"
"result.1907","No","0.258658005675519"
"result.1908","No","0.578644750193204"
"result.1909","No","0.714198549597494"
"result.1910","No","0.269887036713926"
"result.1911","No","0.512127108393825"
"result.1912","No","0.348868741205272"
"result.1913","No","0.300190803218261"
"result.1914","No","0.685741579060413"
"result.1915","No","0.394528047515545"
"result.1916","No","0.693559083490776"
"result.1917","No","0.506246528700633"
"result.1918","No","0.806275157835156"
"result.1919","No","0.0725940242027296"
"result.1920","No","0.79605938689962"
"result.1921","No","0.414553178197736"
"result.1922","No","0.329238020245904"
"result.1923","Yes","0.0230021280049557"
"result.1924","No","0.0825426834315111"
"result.1925","No","0.547001806195907"
"result.1926","No","0.508479133716013"
"result.1927","No","0.913257586505367"
"result.1928","No","0.550220438023376"
"result.1929","No","0.529980162878054"
"result.1930","Yes","0.0260216702783836"
"result.1931","No","0.32015433651224"
"result.1932","No","0.373361079649234"
"result.1933","No","0.289128051643629"
"result.1934","No","0.807954033654659"
"result.1935","No","0.638663224179442"
"result.1936","No","0.191554164962455"
"result.1937","No","0.386296133296373"
"result.1938","No","0.399607396804957"
"result.1939","No","0.0590329207912066"
"result.1940","No","0.958042369153612"
"result.1941","Yes","0.0191515555225785"
"result.1942","No","0.805584820661843"
"result.1943","No","0.68985581996564"
"result.1944","No","0.611042154615037"
"result.1945","No","0.129252221135831"
"result.1946","No","0.802425827095058"
"result.1947","No","0.723788708175211"
"result.1948","No","0.929548851206721"
"result.1949","No","0.110948687497208"
"result.1950","No","0.059575771544946"
"result.1951","Yes","0.0436760266898962"
"result.1952","No","0.635791586851489"
"result.1953","Yes","0.017022489602893"
"result.1954","No","0.951974000965869"
"result.1955","No","0.521638890169124"
"result.1956","No","0.575728416827775"
"result.1957","No","0.845548793695763"
"result.1958","No","0.631890750657561"
"result.1959","No","0.317564838684283"
"result.1960","No","0.472773994423733"
"result.1961","No","0.387602419990508"
"result.1962","No","0.314965420090523"
"result.1963","No","0.0705115340010757"
"result.1964","No","0.115524480188154"
"result.1965","No","0.546864231450219"
"result.1966","No","0.129234826345624"
"result.1967","No","0.27107127236104"
"result.1968","Yes","0.0179021228339409"
"result.1969","No","0.928855082918771"
"result.1970","No","0.795103329821564"
"result.1971","No","0.60916345088626"
"result.1972","No","0.726064369608571"
"result.1973","No","0.643677536497594"
"result.1974","No","0.0702900960091479"
"result.1975","No","0.813758740432759"
"result.1976","No","0.622059280133581"
"result.1977","Yes","0.0403389256838129"
"result.1978","Yes","0.0272073308924547"
"result.1979","No","0.768129824813245"
"result.1980","No","0.404939374025289"
"result.1981","No","0.829232403755027"
"result.1982","No","0.37998836594655"
"result.1983","No","0.625318191571728"
"result.1984","No","0.937035982877254"
"result.1985","No","0.503331927741318"
"result.1986","No","0.479120863879004"
"result.1987","No","0.888951610472556"
"result.1988","No","0.390232799085357"
"result.1989","No","0.621729329769039"
"result.1990","No","0.820394682518392"
"result.1991","No","0.799481301123623"
"result.1992","No","0.83098635339216"
"result.1993","No","0.357033823649274"
"result.1994","No","0.853595436806918"
"result.1995","No","0.296951141652206"
"result.1996","No","0.459010977614793"
"result.1997","No","0.868932993616712"
"result.1998","No","0.0741078254357589"
"result.1999","No","0.717872505801279"
"result.2000","No","0.94398850697957"
